{"type":"FeatureCollection","source":"U.S. Census Bureau, Generalized ACS 2024 counties, 1:500,000; simplified together at 65 metres. Modern geographic reference, not canonical duchies.","features":[{"type":"Feature","properties":{"id":"25001","name":"Barony of Barnstable","region":"Cape Cod and the Islands","color":"#7b4687","label":[-69.97729368883739,41.792187663358284],"displayName":"Barony of Barnstable","kind":"region","canon":true,"culture":"Cape Cod and the Islands","summary":"Example county entry. Modern Census county boundaries provide a geographic reference; titles and heraldry are fictional placeholders.","flag":"assets/flags/placeholder-county.svg","shield":"assets/placeholder-arms.svg","labelMinZoom":6},"geometry":{"type":"Polygon","coordinates":[[[-70.53728933401179,41.810859061074176],[-70.54586899955999,41.80351599989872],[-70.56536299997747,41.786669000255806],[-70.60293900010281,41.774696000323694],[-70.63255499974947,41.76290399980738],[-70.62997799999897,41.761133999825184],[-70.62586999971312,41.75519899967813],[-70.62515599986068,41.751143999755904],[-70.62162199968517,41.748971999745926],[-70.62078499980909,41.74753000028026],[-70.62157099963154,41.746418000291044],[-70.6231930004035,41.74561500019852],[-70.62598799971389,41.74496899969794],[-70.63270600026053,41.737758999796114],[-70.63326799977699,41.73546499985321],[-70.63257999986382,41.73365699970715],[-70.63938999957364,41.728018000308516],[-70.63947599978736,41.72647299991901],[-70.64027599985353,41.72360900012529],[-70.6430739124004,41.717603586827465],[-70.63972500020773,41.71735499970085],[-70.6338310000167,41.71412500023654],[-70.62652900021229,41.712995000149135],[-70.62365199998783,41.70739800014139],[-70.6238469999815,41.703723000178925],[-70.61867699968866,41.70279200029463],[-70.61757200002394,41.70114100031468],[-70.62081599977122,41.70052900025572],[-70.63149199991757,41.69630500015954],[-70.63666700023329,41.69663099969195],[-70.64245199974604,41.69524100015904],[-70.6459619996321,41.69379399982089],[-70.64474800018748,41.6914860001477],[-70.64591099957848,41.69020500018329],[-70.6491090001933,41.69059599972739],[-70.65018399972078,41.69018400020231],[-70.65201599965668,41.687774000067975],[-70.65556200042607,41.686775999859805],[-70.65765499957959,41.68443099966747],[-70.66073600001856,41.68306300009053],[-70.66203599967692,41.6809400002979],[-70.66035899955169,41.67995800032433],[-70.6573390001104,41.68148000027051],[-70.64521299961956,41.681391000022835],[-70.6389340003624,41.679828000329245],[-70.63634699966784,41.680002000273525],[-70.63274200024556,41.67559400004044],[-70.63291700014773,41.67044799979417],[-70.63614300035164,41.66779899976177],[-70.63727700032865,41.66936199968414],[-70.64248100005837,41.671164999704125],[-70.64861299990075,41.670327999677696],[-70.65375399988127,41.66709000031452],[-70.65195600028056,41.663043999673995],[-70.6457149997599,41.659456000257194],[-70.64072399956721,41.659456000257215],[-70.63471899994641,41.663760000240224],[-70.63172500044439,41.663695000023466],[-70.62053299991402,41.65726600027106],[-70.62130299984294,41.65610599971054],[-70.62385100017946,41.656259999752955],[-70.62608999982113,41.65268300003366],[-70.63373399993232,41.64893300029641],[-70.64047699969498,41.64891399992379],[-70.64472499972294,41.64673999970571],[-70.65072400039425,41.646130000145845],[-70.65043700033908,41.64166300004982],[-70.65327000018262,41.63898200013425],[-70.65261400005649,41.63782900027616],[-70.64615999999883,41.640703999695944],[-70.64486799983806,41.64021799996334],[-70.6420469996901,41.635566000180816],[-70.64377099967098,41.6348160002515],[-70.64626700012894,41.63541199967915],[-70.64678199978975,41.63502799987736],[-70.64178899994724,41.629390999717025],[-70.64000300004207,41.62461599982283],[-70.64612800021176,41.619716000089454],[-70.64684899973689,41.6135019997885],[-70.65198600041778,41.61018399985587],[-70.65244900020005,41.60521000019561],[-70.6420400000174,41.58306599976043],[-70.64094799987319,41.57732499993138],[-70.64274800002205,41.57238500009116],[-70.64878000030534,41.56986999971626],[-70.64928099972244,41.565806999821824],[-70.65389899964624,41.565159999901205],[-70.65536499988427,41.5574980001505],[-70.65430200005237,41.54992600033132],[-70.65865899986024,41.54338500028468],[-70.66650800001084,41.53995800022056],[-70.66855500003193,41.536460999925225],[-70.66805700008955,41.53289999983739],[-70.67201200021454,41.531778999818265],[-70.6763759996951,41.528985999883204],[-70.67922799980522,41.53076500006005],[-70.68326900014394,41.53289999983739],[-70.68698099969633,41.52949000023777],[-70.68778499996046,41.52418200020435],[-70.6854080002265,41.521335000025964],[-70.67851499977768,41.52151199977022],[-70.67304900010716,41.52364800032232],[-70.67019600017213,41.520801000189685],[-70.66829499974094,41.51795299973326],[-70.66282800024547,41.51795299973326],[-70.65662500025797,41.51477899987982],[-70.65401099979923,41.51590500018947],[-70.65410399968565,41.519025000255404],[-70.64362699973094,41.53235699972257],[-70.63360699971072,41.53825399967513],[-70.61108100015635,41.54298899986827],[-70.60183899956267,41.54208199997708],[-70.59381000038535,41.54509799990299],[-70.58641499979619,41.54543000013462],[-70.58055499994038,41.54424000006433],[-70.57376799979674,41.546867000046895],[-70.55968899989449,41.548330000001336],[-70.54682299961193,41.55141100014982],[-70.53882100019878,41.55125600008821],[-70.53237600036194,41.54930599974746],[-70.52862299990332,41.54672100009909],[-70.52232700002938,41.54896499998442],[-70.4932439995869,41.552044000156194],[-70.4855710000617,41.55424399972052],[-70.47625599967309,41.55850200004101],[-70.46127799997045,41.571819999952815],[-70.45068999968764,41.584991999949885],[-70.45017699967667,41.58904300018709],[-70.44655100033798,41.5902369999642],[-70.44528900031445,41.59181499992672],[-70.44261799995431,41.59905299993616],[-70.4372459999951,41.6053289998769],[-70.43165200027805,41.605722000002665],[-70.42681199969809,41.60471900000812],[-70.40853499999659,41.60734500023897],[-70.40058100026401,41.60638199989408],[-70.37915100015351,41.61136100023219],[-70.36985400020656,41.615887999765945],[-70.36474400018818,41.62367100000336],[-70.3648920003262,41.62672099981482],[-70.3603520002202,41.631068999928175],[-70.35163400040648,41.63468700012522],[-70.33806699979195,41.63633799989654],[-70.32992399991349,41.63457800003074],[-70.32158799969119,41.6305080001614],[-70.31662599981081,41.625447999725466],[-70.31168700039497,41.627407999665905],[-70.30065300004833,41.629509999777184],[-70.30024799999238,41.632460000054],[-70.29600900018528,41.634380000311396],[-70.29061999960933,41.635195999820375],[-70.28132000018762,41.6351250000817],[-70.27452200017336,41.63292700016127],[-70.26913000012267,41.62574199972105],[-70.26968699961628,41.61777500019184],[-70.26758699989176,41.61091199982147],[-70.26542400041804,41.60933299986246],[-70.25960100037213,41.61086299995247],[-70.25542000029135,41.61754100009159],[-70.25621000031177,41.62069800013059],[-70.24586700025135,41.62847899972734],[-70.21977300018631,41.636469000112484],[-70.20708199980595,41.64250300020857],[-70.19799999994416,41.64415200000506],[-70.19519300003988,41.647913000065785],[-70.18716700033728,41.64943899978536],[-70.1683359997186,41.65199799997129],[-70.15811499985693,41.65181999971321],[-70.14087699969787,41.65042299977305],[-70.1165059997888,41.655502999979916],[-70.08923799956378,41.66281299998118],[-70.07597399979628,41.66395399989822],[-70.06570199988099,41.66235699983722],[-70.0621140001771,41.664445999952214],[-70.0555229998521,41.66484299981392],[-70.04051500001222,41.6674010001342],[-70.02934599994637,41.66774400029695],[-70.0142109998849,41.67197100032909],[-70.00701100018775,41.67157899985044],[-69.99635900033084,41.66718400026527],[-69.98532199961116,41.65821300022515],[-69.97571900024076,41.653738000255125],[-69.97048899967346,41.645458000323394],[-69.97307299999497,41.64294100008128],[-69.97591599988425,41.63886300010493],[-69.97747800038175,41.6307860002204],[-69.98556000016085,41.61966800013632],[-69.98521100018138,41.61312400004465],[-69.98982699955704,41.60715200019019],[-69.99221500005997,41.60331900017431],[-69.99130600021385,41.58872099978647],[-69.99387899976641,41.57629900008688],[-69.9988499998676,41.5659039999516],[-70.0029110002978,41.562073000124336],[-70.00861499961971,41.557982000312116],[-70.0126969999663,41.55322799999122],[-70.0136059998124,41.55104600010585],[-70.0126550001335,41.54677699969436],[-70.01122900007844,41.54393099991748],[-70.00837699996833,41.54144000028263],[-70.00386100015179,41.5405509997137],[-69.99768199955541,41.54232999985741],[-69.99197700040858,41.547488000207515],[-69.98821499972914,41.55470400010759],[-69.98936299994986,41.58145500010056],[-69.98837499956272,41.58696699971298],[-69.98841200027096,41.59443200026701],[-69.98318300042689,41.60829500010293],[-69.97605300015161,41.61167099971369],[-69.96719200022274,41.611956000165094],[-69.95777499972688,41.62036399998929],[-69.95680099958345,41.629794999959266],[-69.9540229999915,41.63403300015015],[-69.95225499962967,41.64047200014546],[-69.94753100029898,41.65146499985655],[-69.94396600016134,41.65555000004047],[-69.94372799961165,41.664783000264],[-69.93374600012459,41.67863100002698],[-69.9304179998134,41.691944000215614],[-69.92839300043195,41.70844900006439],[-69.9286519999997,41.74125000025206],[-69.93802400028974,41.809507000306304],[-69.93965899968386,41.818601999943496],[-69.94135199970259,41.82279300027062],[-69.94277799975767,41.833065000052166],[-69.9453140003986,41.84522199994218],[-69.9685980001863,41.911699999711345],[-69.98608499986739,41.949596999954075],[-70.01189799972504,41.98972000020876],[-70.0335010000879,42.01773600003355],[-70.05853099959782,42.0403630001777],[-70.08262399967253,42.05465699973491],[-70.11596799966345,42.067637999802066],[-70.16016600007595,42.07862800020573],[-70.18930499969663,42.08233699985118],[-70.20689900040614,42.0819000000747],[-70.22562600036945,42.078601000043726],[-70.23808699969773,42.072877999942214],[-70.2453850002025,42.063732999701514],[-70.24353999984778,42.060568999688556],[-70.23887500006835,42.060478999728986],[-70.23536099998431,42.05740200002767],[-70.22861700039674,42.053932000234546],[-70.21870100013358,42.04584800029309],[-70.21301199998199,42.03613399972934],[-70.20874100038782,42.030749000165855],[-70.19631199994826,42.02198400004973],[-70.19083399968385,42.02002799996609],[-70.18670799985466,42.019904000164104],[-70.1796010000439,42.021858000013076],[-70.17100799990365,42.028044999813],[-70.16688399972426,42.034574999760686],[-70.17375799990651,42.02735700020539],[-70.18946100023057,42.02423600029643],[-70.19234099992977,42.02315700024662],[-70.19661999991986,42.025451999871414],[-70.20588900027771,42.03269100011405],[-70.20113499991146,42.034985999848026],[-70.1949699995588,42.03639900000024],[-70.1944559997229,42.03946999994334],[-70.18681599980968,42.050450000084204],[-70.17846799989181,42.05641999994031],[-70.16978100004022,42.05973600031721],[-70.15541500008277,42.06240900016998],[-70.14860799984768,42.060930999734516],[-70.14242900014962,42.058460000277044],[-70.12304299968714,42.05166800021689],[-70.10805999996163,42.04360099990967],[-70.09559500043538,42.032832000118056],[-70.08957800022071,42.02489599969409],[-70.0837750002663,42.01204099973738],[-70.07742099976772,41.985497000033554],[-70.07722499994915,41.94335800019827],[-70.07400600031623,41.93865000024295],[-70.07303899984548,41.89978299971038],[-70.06901000010066,41.88492399976852],[-70.06684599990373,41.88334000003442],[-70.06637100042589,41.886348000163736],[-70.06898599981123,41.89625600020318],[-70.06572299979737,41.89964100019882],[-70.06567099991884,41.91165800027039],[-70.06313699982606,41.91521000000722],[-70.05894700042275,41.91710500005552],[-70.05420300010226,41.920948999747836],[-70.05781500009554,41.92048899969394],[-70.06161700005966,41.923496000178325],[-70.05900299960092,41.92561799969101],[-70.05496200016053,41.92791699996996],[-70.04499499984375,41.93004900008642],[-70.03523500011453,41.930039000137405],[-70.02739199981173,41.929331000034345],[-70.03202399997922,41.924206999864424],[-70.03230500018661,41.920440999683194],[-70.0255530002031,41.91169900029794],[-70.02008900018241,41.907581999742],[-70.01336899998594,41.905986000222],[-70.0136059998124,41.90120999991018],[-70.02121200028874,41.90014799973704],[-70.0243349996622,41.898819999949346],[-70.02424000012596,41.896343000230175],[-70.01849700044599,41.89152800006922],[-70.01215399981807,41.891656000042985],[-70.00292200016847,41.89031500014451],[-70.00018800005913,41.886937999816936],[-70.0057630004079,41.88192399985164],[-70.00901300000297,41.87662499970192],[-70.00448600031577,41.83882600027893],[-70.00438800040648,41.81786600032998],[-70.00528700020683,41.812341999903786],[-70.00384199988522,41.80851999973423],[-70.00846200035714,41.800786000221756],[-70.01550800006854,41.796041999950326],[-70.02253500041165,41.78943300002473],[-70.0227069999408,41.788352000155626],[-70.02473399987036,41.78736399988856],[-70.06431400035908,41.772844999725336],[-70.07245700023752,41.77293700005272],[-70.08299399956839,41.768961000078306],[-70.09606099969238,41.76654899992891],[-70.12197800020543,41.758840999849504],[-70.14153299982398,41.7600719997196],[-70.14991000005416,41.756982000215565],[-70.18380399986602,41.75058000025224],[-70.189253999643,41.75198200024073],[-70.21607300032947,41.742981000120466],[-70.23464799995679,41.73204200025855],[-70.24077700032446,41.727528000150926],[-70.23931799975911,41.7268809997671],[-70.23931799975911,41.72562499996486],[-70.23530400008292,41.72245699997705],[-70.23817499956128,41.7200659998198],[-70.2395060000801,41.71814099990156],[-70.23929799966764,41.716215999988236],[-70.24108699994585,41.71463200014722],[-70.23993100022753,41.7111750002838],[-70.2410199999987,41.71053900016923],[-70.24432400002043,41.7122710000095],[-70.24836799983386,41.71168199999254],[-70.25065599987936,41.70925900001567],[-70.25023800030294,41.70773700004943],[-70.25283799961966,41.707460000046446],[-70.25342199977575,41.70803999996186],[-70.25571099964615,41.70791499995414],[-70.25618299964927,41.70936699990866],[-70.25813799960882,41.710044000090754],[-70.26191299980876,41.70900199984491],[-70.26312799997662,41.70704799990188],[-70.26534800025006,41.7071869998974],[-70.26632999989111,41.70866999989612],[-70.26417999993787,41.711286999762066],[-70.26427299982427,41.71170599989945],[-70.26710099964494,41.71287500024889],[-70.26855000016455,41.71292699985317],[-70.27801899964064,41.709985000314944],[-70.28400900009112,41.70987899988822],[-70.29427699980846,41.71083700026829],[-70.300551999766,41.70849499978848],[-70.30654100039156,41.7103039997537],[-70.31980400033414,41.70966599996375],[-70.32736200023162,41.711262999698654],[-70.32921599990884,41.70892000008563],[-70.32707699982625,41.705620000049606],[-70.32850299988131,41.70391600012857],[-70.34205000040434,41.701360999763146],[-70.35730900031437,41.7025319997618],[-70.36287100024437,41.70508799983312],[-70.36087500027692,41.70881399991474],[-70.36258599983903,41.711900999733075],[-70.38212299991422,41.72148200013776],[-70.38554599976166,41.72062999981009],[-70.3952429997417,41.72510100024267],[-70.3963840002897,41.72786800009622],[-70.3942450002071,41.72999600010559],[-70.38896799978416,41.72914500029852],[-70.38411999970658,41.73095400029848],[-70.3852610002546,41.73393400010062],[-70.38283599994175,41.73467899973324],[-70.37313899996172,41.73297600010601],[-70.36329899986654,41.73297600010601],[-70.34889600009919,41.73148600029162],[-70.34604300016416,41.73212500022415],[-70.3407950000535,41.73077599983874],[-70.33249599964113,41.73180599981869],[-70.31924000026955,41.72888700027366],[-70.30326199958589,41.72748599975278],[-70.29626799975304,41.72526100001738],[-70.29319300006016,41.72534499967252],[-70.29204900003742,41.72756999985116],[-70.29212400038048,41.72877399969481],[-70.29024899988853,41.729501999957144],[-70.28816800043059,41.729208000264144],[-70.28552399983464,41.72524700028764],[-70.28177399974906,41.72242000007578],[-70.27890499992051,41.72257399968771],[-70.2744040001726,41.72349799966571],[-70.27387899956773,41.72430999970956],[-70.27524799972136,41.72580699983571],[-70.28309100002417,41.72895100008026],[-70.28833999995973,41.731981000142696],[-70.2955609995733,41.73441200026452],[-70.37534099979351,41.73877900003106],[-70.39998799988707,41.741720999843345],[-70.42830899989826,41.74766899984619],[-70.42981600014416,41.74887800000819],[-70.47155200043389,41.7615630000628],[-70.49404799985102,41.77388300000287],[-70.4945190000292,41.77823699985288],[-70.51741100017978,41.79095300004554],[-70.5326559998461,41.80479599984815],[-70.53728933401179,41.810859061074176]]]}},{"type":"Feature","properties":{"id":"25003","name":"Bishopric of Berkshire","region":"Western Massachusetts","color":"#b28b3f","label":[-73.19646227349065,42.40977737318805],"displayName":"Bishopric of Berkshire","kind":"region","canon":true,"culture":"Western Massachusetts","summary":"Example county entry. Modern Census county boundaries provide a geographic reference; titles and heraldry are fictional placeholders.","flag":"assets/flags/placeholder-county.svg","shield":"assets/placeholder-arms.svg","labelMinZoom":6},"geometry":{"type":"Polygon","coordinates":[[[-73.05328808592958,42.03986196832771],[-73.0558069997155,42.045046999688104],[-73.05654900005533,42.04741899999325],[-73.05390500035769,42.054990000263686],[-73.05465099999718,42.057600000160534],[-73.05612800010589,42.058890000303094],[-73.05801199992032,42.05947900011731],[-73.06174199991439,42.061939000293016],[-73.05815300038563,42.06675300004857],[-73.06180499966358,42.07063800000777],[-73.07308699970734,42.09421299973714],[-73.07416700015598,42.101867000050675],[-73.07503599981912,42.10519500016455],[-73.07484500002342,42.10614600024881],[-73.07288900023893,42.10701700025132],[-73.07186700041494,42.10816299968366],[-73.0718370002777,42.10935599970993],[-73.07289699973656,42.11033500031037],[-73.07267199960565,42.111683999811476],[-73.06922700001692,42.11392599985988],[-73.06574499971995,42.11477799996403],[-73.06335299991738,42.11585000027617],[-73.0612060003372,42.1181119996854],[-73.06138399971411,42.119388999936376],[-73.06426000011368,42.12277500013529],[-73.06657400009843,42.12479100003057],[-73.06720599993511,42.12735100023646],[-73.06928499974323,42.13086899971628],[-73.06982700006655,42.13322800029552],[-73.06944200010207,42.13498599991414],[-73.06849999974568,42.135498000040975],[-73.06918199981106,42.13896699967927],[-73.07054599994186,42.14015999999476],[-73.07213000018065,42.14354799993053],[-73.07041899972025,42.14474899987726],[-73.07040500037486,42.146956000092544],[-73.07111300037951,42.148205999865596],[-73.03491999975321,42.14365200006159],[-73.00786699961334,42.23840899997038],[-73.0042939999781,42.25134699988134],[-73.001850000297,42.25101699972825],[-73.00027799975376,42.312596999837666],[-73.00190899984823,42.311785000301676],[-73.00219300042868,42.310239000157786],[-73.0033299998804,42.30978499978135],[-73.00371400001998,42.30772900027188],[-73.00580899972162,42.30647100011221],[-73.00535400033527,42.305199999726064],[-73.00661100033592,42.30479399972969],[-73.01024900026849,42.30468199991135],[-73.01274200035341,42.30676700018391],[-73.01432999989186,42.309036999765745],[-73.01685800013686,42.3110889999537],[-73.0182409996359,42.30900499981188],[-73.02014600026507,42.30825900014018],[-73.02207299973722,42.30950500013784],[-73.0250699996123,42.30909299981178],[-73.02614099984012,42.308014000310706],[-73.02939800000618,42.308568000081166],[-73.03128199982064,42.3093019997337],[-73.03416300024307,42.31212000001425],[-73.03612700042348,42.313561999725714],[-73.03895400041924,42.31495500019078],[-73.0396289999136,42.31863100005591],[-73.04075200001996,42.32018299976616],[-73.04544500028682,42.31939600027819],[-73.046674999625,42.32074499968992],[-73.04901600027225,42.32141799975537],[-73.05265599985464,42.324288999942596],[-73.05676599979031,42.32594499992876],[-73.06288599993715,42.328950999800895],[-73.06428799970276,42.33973199997209],[-73.0685080001416,42.38071999986579],[-73.06577200038247,42.38911100020036],[-73.01168299982116,42.37968300003929],[-73.00908500015427,42.38773400030696],[-72.99264299986342,42.449094000302146],[-72.98812600022197,42.46694700023373],[-72.98647300038618,42.46670599985285],[-72.97928399966136,42.49785700032891],[-72.96858300029896,42.54001200031674],[-72.97903599996424,42.54161700023148],[-72.97540899990233,42.55603700008911],[-72.95459899993294,42.628653999940205],[-72.95103899981817,42.641006000132144],[-72.95291299958689,42.650895000011495],[-72.95427500006785,42.65171299996728],[-72.95557300007637,42.65451300032787],[-72.9555329998934,42.659374000192436],[-72.95435799990851,42.66246099976597],[-72.95472100013167,42.66562400031265],[-72.95743199977647,42.66697199996201],[-72.96044299989525,42.66738700018259],[-72.96209400008121,42.66702299993148],[-72.96394799975842,42.664294000223016],[-72.96876300022403,42.66424699971772],[-72.9728449996723,42.66272199992301],[-72.97520899988578,42.66082400017987],[-72.97655499957489,42.661232000138746],[-72.98003799969676,42.66410800016571],[-72.98240600010821,42.665201000232486],[-72.98552900037997,42.665938000078704],[-72.98858399998136,42.667375999687266],[-72.9932680000274,42.67104600012667],[-72.99553900035444,42.67315600031837],[-72.99466499977014,42.67432200026826],[-72.98925099997814,42.67423300019082],[-72.98853299992773,42.67533200005352],[-72.98977200038505,42.67821900015137],[-72.98889699997581,42.67866299991612],[-72.9838840000418,42.679385000205464],[-72.9772569997318,42.67905099990337],[-72.97582599965384,42.679421999998006],[-72.97560999974378,42.68042400010174],[-72.97698700029335,42.68279299967948],[-72.97749500028148,42.685913000032876],[-72.973520000065,42.68880800002466],[-72.971584000372,42.68905500011131],[-72.96380200016857,42.6874920002114],[-72.96137500020589,42.68822499969974],[-72.9593349998575,42.689517999728764],[-72.95738699957063,42.690112999917],[-72.95435299988566,42.69027600024464],[-72.9529489995719,42.69129400011874],[-72.9516470002637,42.693950999939204],[-72.95173599995218,42.69565299968124],[-72.95388000005764,42.69815799981374],[-72.95169099974633,42.700510000169466],[-72.95022899970625,42.70116499983707],[-72.94870300009208,42.70363499978884],[-72.94963899970237,42.70511100019423],[-72.99787799955526,42.70126399990536],[-73.02370899985458,42.70268999968013],[-73.02301499560204,42.74113522433334],[-73.08990160770331,42.74246353906319],[-73.14267042705507,42.74351148560271],[-73.21317027433317,42.74491155662248],[-73.26495699972077,42.745940000083664],[-73.27414505917659,42.721184806228614],[-73.3070040758136,42.63265345158157],[-73.34164448669333,42.539322525022605],[-73.35252699964201,42.51000200012854],[-73.38212306028262,42.42941090891613],[-73.40062651179252,42.37902537375049],[-73.4140768832354,42.34239954956943],[-73.44289175902347,42.26393565035024],[-73.45993523439763,42.21752568187523],[-73.475918043763,42.17400394095823],[-73.50814200000316,42.08625700028629],[-73.49687900022599,42.04967500002108],[-73.48731399959212,42.049637999694696],[-73.43281200037559,42.05058699975833],[-73.34053042662066,42.0481844730997],[-73.29442000010486,42.046983999879316],[-73.23105600023624,42.04494499983311],[-73.22979800041068,42.04487700028357],[-73.17212527882123,42.043238392065994],[-73.12727750001426,42.041964168728505],[-73.05328808592958,42.03986196832771]]]}},{"type":"Feature","properties":{"id":"25005","name":"Free Port of Bristol","region":"Southeastern Massachusetts","color":"#377e91","label":[-71.17575051153098,41.78921444059931],"displayName":"Free Port of Bristol","kind":"region","canon":true,"culture":"Southeastern Massachusetts","summary":"Example county entry. Modern Census county boundaries provide a geographic reference; titles and heraldry are fictional placeholders.","flag":"assets/flags/placeholder-county.svg","shield":"assets/placeholder-arms.svg","labelMinZoom":6},"geometry":{"type":"MultiPolygon","coordinates":[[[[-70.83479299993768,41.60265499969378],[-70.83275799961216,41.601514999957466],[-70.83155199966512,41.60200099992847],[-70.83149300011388,41.604219999995024],[-70.83000299958643,41.60453899979278],[-70.82403599960047,41.59955400011138],[-70.82553000032591,41.59633999986878],[-70.82350599987106,41.59174800028409],[-70.81996699967267,41.59136899968296],[-70.8184400002336,41.59084000029624],[-70.81890200019096,41.58933299986194],[-70.82178000024034,41.587065000096764],[-70.82206599957227,41.58355099973183],[-70.823145000196,41.582865000261776],[-70.82954800020006,41.58459800008827],[-70.83513199987138,41.59087499983836],[-70.83845199978664,41.59646000008798],[-70.83573500029406,41.602349000055625],[-70.83479299993768,41.60265499969378]]],[[[-71.3814657107661,41.98508431988917],[-71.36434400021552,41.985293000030936],[-71.28826499967708,42.01446199969678],[-71.2423640000984,42.03239499984042],[-71.16868099956051,42.06116099981539],[-71.13860700015444,42.07277499988291],[-71.08048300000056,42.09553900017082],[-71.0695950001421,42.049704000316],[-71.0541839998961,41.982716000081105],[-71.04948499978146,41.963094000056245],[-71.04262700039105,41.95951599972534],[-71.02104599976951,41.94640699977247],[-71.01658799967929,41.943864999943614],[-71.01056700016495,41.94007900016931],[-70.99977300001784,41.92967099985633],[-70.9996290000778,41.92846500012515],[-70.99675199985333,41.92736899978565],[-70.99553300038583,41.92505299997223],[-70.9969190002579,41.92348800033324],[-70.9973970001088,41.91839899998897],[-70.99713199979493,41.91668199984971],[-70.99508200029912,41.91496799973172],[-70.99327899977719,41.91646499999297],[-70.99197800029393,41.91560199997604],[-70.99114999974036,41.90913300001407],[-70.9931519995556,41.90644499968235],[-70.99184900042252,41.9060809997184],[-70.98725599971478,41.90580800022203],[-70.97716299989962,41.87514900011085],[-70.97716899974738,41.87469599975045],[-70.97371699958764,41.86087899982398],[-70.97830799974726,41.85724600022004],[-70.98577899960607,41.85405799967469],[-70.98804200043553,41.851805999903455],[-70.99045400032959,41.85007099977358],[-70.99590499993151,41.84702200000319],[-71.00745499976387,41.83848500001231],[-71.03656999999342,41.81652500031293],[-71.0145909998869,41.79956799992297],[-71.02628800003237,41.77888799987859],[-70.98796299989449,41.78341500019224],[-70.92178200007585,41.79124399975977],[-70.90718400031481,41.76354300002152],[-70.9044379996116,41.757999999701575],[-70.88643899974444,41.76023200015964],[-70.87064000005924,41.71595699988827],[-70.85821200034295,41.68116700004579],[-70.85214099970158,41.6639159999559],[-70.84524200030329,41.64466499969868],[-70.8431763099344,41.62848681554362],[-70.84416500022769,41.62898299976153],[-70.85251800016843,41.62691900022954],[-70.85965400029148,41.62412399973293],[-70.85512599988107,41.62183199990312],[-70.85425899986777,41.61859300027653],[-70.85442600027233,41.61601099989981],[-70.85366499966592,41.61396900020835],[-70.84964500014193,41.61024999974857],[-70.8479810004355,41.60296300030096],[-70.84322700006926,41.596565000264704],[-70.84426700033494,41.595051999859166],[-70.84741399999784,41.595403000125046],[-70.8508689996323,41.593368000241945],[-70.85050399975931,41.592113999890664],[-70.85323600021883,41.588103999808645],[-70.8534520001289,41.58548800006812],[-70.8531850001652,41.5829750002521],[-70.85480399966579,41.58243100020663],[-70.85672299964035,41.583708999764305],[-70.85723900002438,41.58770499994591],[-70.86023699972436,41.59463500002529],[-70.86366100029501,41.59759400007772],[-70.86363799983047,41.600919000226554],[-70.86295499994017,41.603852000143306],[-70.86890400038278,41.614663999756075],[-70.86836000040967,41.622664000138016],[-70.86962400008301,41.62560800030955],[-70.872665000339,41.62781600018845],[-70.88876000030024,41.63281499988615],[-70.88947599980249,41.63243000030959],[-70.89089799965957,41.628549000266105],[-70.89271700007504,41.62591200005694],[-70.89543799976558,41.62420399970285],[-70.90286099994381,41.62404699996186],[-70.90882700010484,41.62357699967114],[-70.9132020003544,41.619266000133564],[-70.9045220001755,41.61036100017904],[-70.89860700006808,41.59265400021254],[-70.9020509998319,41.59158299980485],[-70.90907999982484,41.59369999973542],[-70.91081399985147,41.595506000041745],[-70.91658099982088,41.607482999843214],[-70.9200739999885,41.61080999972336],[-70.92237499955448,41.61433700011314],[-70.93045600040698,41.61327099976053],[-70.92972199956473,41.60947900005609],[-70.9311690004345,41.606873000188514],[-70.9300000002974,41.600441000084885],[-70.92739300040967,41.59406399968642],[-70.93133799959058,41.58419999988135],[-70.93377700014713,41.580429999894505],[-70.93761799957099,41.577480999891016],[-70.93881299964737,41.577699999961105],[-70.93930599956687,41.58023000013715],[-70.94246800019668,41.58153999988862],[-70.9438909998787,41.58601500005026],[-70.94562499990532,41.58659000017519],[-70.95024500037725,41.58459800008827],[-70.94919500006586,41.579048000246274],[-70.94701400015045,41.57272199995475],[-70.93783000018144,41.565239000282396],[-70.93543099980783,41.55567299992659],[-70.9345620001447,41.54874599998655],[-70.92851999981566,41.53977599998292],[-70.9417850003064,41.540120999795455],[-70.94630199994785,41.53756399980704],[-70.94792899984435,41.52980200009072],[-70.95488400021743,41.527566999864405],[-70.95261700008835,41.51812000029017],[-70.95329900015373,41.51500999982121],[-70.95660099962733,41.51546199981715],[-70.95802699968237,41.521689999818875],[-70.96135400016863,41.529698000306915],[-70.9665830000127,41.53165499994082],[-70.97228700023294,41.53076500006006],[-70.98013100036066,41.52756299976346],[-70.9846470001772,41.52044500009274],[-70.9815570004157,41.51368199972265],[-70.98170800002845,41.51007000012756],[-70.98395599989101,41.50890000023362],[-70.99388999969747,41.51125600013209],[-71.00327500040629,41.51191199976546],[-71.01935399957566,41.50885700018541],[-71.02233600028043,41.504345999857165],[-71.03551399983421,41.499046999746824],[-71.03834900022589,41.49218200005547],[-71.03360900010335,41.48680200008431],[-71.03550999963625,41.48163899984626],[-71.03836199974636,41.48110500032177],[-71.04121399985647,41.49054100023768],[-71.04101300001501,41.497533999763355],[-71.04859299965378,41.50265900007425],[-71.05841799968033,41.50596699997539],[-71.07068700028631,41.50887699974205],[-71.08566300033914,41.50929200024796],[-71.09305200018218,41.50421400015907],[-71.10681399989207,41.50246899991796],[-71.11380000022729,41.50010600005444],[-71.11578100012615,41.49650900014889],[-71.12056999975414,41.497448000016696],[-71.12240000004024,41.5221559997511],[-71.13131200002272,41.59230800027242],[-71.13161800034449,41.59391800021842],[-71.13749200044401,41.60256100030183],[-71.14058800005328,41.60510200014247],[-71.14091000026856,41.60740500021997],[-71.14150899959495,41.616075999875854],[-71.14046800040268,41.623893000143944],[-71.13568800009719,41.628401999785474],[-71.1344779999522,41.64126199984174],[-71.13267000030572,41.65874400018988],[-71.13288799986562,41.6601020000319],[-71.13518799960667,41.660501999775015],[-71.1458699996008,41.66279500029281],[-71.15398900008813,41.66410199974237],[-71.17609000039337,41.668101999936184],[-71.17598999993594,41.67140199984142],[-71.18128999992513,41.67250200024143],[-71.19569000021775,41.67510199996556],[-71.20837099965406,41.69059800009637],[-71.2257910002863,41.7117009999475],[-71.26139200036059,41.75230100028543],[-71.31779500000833,41.77610099995006],[-71.32789600021943,41.78050099969657],[-71.32939599989432,41.78259999968795],[-71.3292960003352,41.78679999990023],[-71.33219600012589,41.79229999989021],[-71.33389599981733,41.79450000009778],[-71.33579700024855,41.794800000242184],[-71.33929700008886,41.79629999999268],[-71.34069700020463,41.79830000018854],[-71.34079699976375,41.80019999978648],[-71.33929700008886,41.80440000003011],[-71.33919699963141,41.80900000020838],[-71.34719700029306,41.82310000006814],[-71.34489699965368,41.82800000016337],[-71.33959699966451,41.831999999830934],[-71.33519700019892,41.83550000023301],[-71.34179699984647,41.843700000230555],[-71.34219799970445,41.84479999988512],[-71.33399700009967,41.862300000239266],[-71.34079799958869,41.881599999972316],[-71.33869799986415,41.89839900017496],[-71.35269899994861,41.89669899968242],[-71.36469900004275,41.89539899980593],[-71.37099900011468,41.894598999845954],[-71.37379900034622,41.89439899979475],[-71.38170000037535,41.89319899970984],[-71.38170000037535,41.922698999740525],[-71.38159999991792,41.92289900004472],[-71.3814009997263,41.964798999666186],[-71.38150100018372,41.96669900016341],[-71.3814657107661,41.98508431988917]]]]}},{"type":"Feature","properties":{"id":"25007","name":"Lordship of the Isles","region":"Cape Cod and the Islands","color":"#659697","label":[-70.6191135886035,41.391821869464636],"displayName":"Lordship of the Isles","kind":"region","canon":true,"culture":"Cape Cod and the Islands","summary":"Example county entry. Modern Census county boundaries provide a geographic reference; titles and heraldry are fictional placeholders.","flag":"assets/flags/placeholder-county.svg","shield":"assets/placeholder-arms.svg","labelMinZoom":6},"geometry":{"type":"MultiPolygon","coordinates":[[[[-70.82387199956895,41.259471999733634],[-70.81966500044719,41.26006399991539],[-70.81726299970057,41.261638999782875],[-70.81415399967251,41.262280000326534],[-70.81196500025952,41.26483900023484],[-70.81187599967274,41.263387999682394],[-70.80960699989383,41.260703000211514],[-70.80271799964297,41.25905200030663],[-70.80156100009974,41.25840999969641],[-70.80351900043237,41.2532610000415],[-70.80331500021785,41.25022499996279],[-70.80423599975953,41.24945799979739],[-70.80924500039389,41.24906800001479],[-70.81222200017747,41.249408000301734],[-70.81383999985313,41.25057600027483],[-70.81732999964773,41.25055600014799],[-70.82128399994778,41.25101399969345],[-70.82550799968628,41.25227699969878],[-70.82837099966704,41.25474499985812],[-70.8307180001621,41.256277999926155],[-70.83233300036302,41.25836199987059],[-70.83203899973684,41.25949500015005],[-70.8298319998822,41.25974800014385],[-70.82387199956895,41.259471999733634]]],[[[-70.81985200004495,41.353575999764004],[-70.8123090002161,41.35574499982232],[-70.8080929999752,41.35576100016387],[-70.80028900003047,41.353800000188315],[-70.78329100007093,41.34782899979251],[-70.7749740001152,41.34917599974596],[-70.76890099982403,41.35324600014884],[-70.75863700030463,41.366948000117404],[-70.7490859999145,41.37518799974465],[-70.7450660003905,41.37658599990707],[-70.7404280003752,41.38277699971796],[-70.73697899969021,41.39152599986564],[-70.73185899962608,41.39779699978285],[-70.72922499997418,41.39772799994573],[-70.72436600002597,41.39894200026353],[-70.7197089997441,41.40466400021938],[-70.71243200005405,41.40885000030936],[-70.7114930000707,41.41546000008815],[-70.70939900019397,41.418661000123805],[-70.70656100032757,41.419198000280005],[-70.70572399955316,41.424022999719256],[-70.70137799961593,41.430924999764486],[-70.70096400023746,41.43400999989075],[-70.69792800000434,41.43558899976938],[-70.69547799957712,41.43501000000485],[-70.68992400004305,41.436841000087],[-70.68688100013722,41.44133399977844],[-70.68416399974635,41.441937999719265],[-70.6792549995694,41.44059800027027],[-70.67185999987855,41.44236400001836],[-70.66953599984805,41.447174000180325],[-70.66591800000695,41.45109400028837],[-70.66508299978068,41.456225999775455],[-70.65965200027026,41.46067700027915],[-70.64933000012624,41.46106800026575],[-70.64214999962226,41.46231600032823],[-70.6321840000287,41.467498999941284],[-70.62002499992589,41.47459199968949],[-70.60355500004594,41.48238399986779],[-70.59844400020265,41.48115100016163],[-70.59628000000573,41.47190500000816],[-70.59580299997975,41.46872799984345],[-70.59984299959521,41.46142599970985],[-70.59984299959521,41.45857599977468],[-70.5991299995677,41.45536899967489],[-70.59651600000728,41.45412199972086],[-70.59200000019074,41.45590400027297],[-70.5884350000531,41.46000100025073],[-70.58368099968686,41.460712999999366],[-70.57484999989524,41.46825900026303],[-70.56735599957187,41.471207999950494],[-70.56327999997139,41.469126999769166],[-70.55327699966959,41.452955000029704],[-70.55294299975876,41.443394000071144],[-70.55558800017963,41.43088199982687],[-70.55309599991963,41.423952000232305],[-70.54756699960159,41.41583099976727],[-70.53830099961678,41.40924099999858],[-70.52858100007053,41.405100000154654],[-70.51758400043212,41.40376900026965],[-70.50698399955544,41.40024200024977],[-70.50237200037776,41.39200499975903],[-70.50130600017282,41.38539100028044],[-70.49895899967777,41.38433900010811],[-70.49075800007299,41.38363399982381],[-70.48450300020694,41.3862899999583],[-70.47838899990789,41.39210100014181],[-70.47168700015311,41.39620000018231],[-70.47260400039514,41.399128000020745],[-70.47303500039035,41.40875699992488],[-70.47078800035273,41.41287500025931],[-70.46383299997964,41.41914499983489],[-70.45249700040753,41.421430000007916],[-70.45043100011989,41.420703000053955],[-70.44623300032066,41.396480000297416],[-70.44926799983055,41.38042199997447],[-70.44826199990007,41.35365099999494],[-70.45224399978923,41.34982800024154],[-70.46329200037957,41.34747899994341],[-70.48242900042169,41.34840099971169],[-70.49502600019241,41.34750899975372],[-70.53829399994409,41.34895800009717],[-70.57916499987032,41.35000699975238],[-70.59915700023018,41.349271999959974],[-70.6488050004197,41.34697300016108],[-70.69111200044672,41.34429700002677],[-70.70982599999124,41.34172300023256],[-70.73325299989409,41.33622600025929],[-70.74248700009186,41.332798000003784],[-70.74754100003373,41.32995200000441],[-70.74839299997846,41.3268069999283],[-70.7540799995819,41.32489299992013],[-70.764188000364,41.3187059997077],[-70.76801500044246,41.311959000279835],[-70.7661659998898,41.30896199975842],[-70.76868699956378,41.30370200030405],[-70.7756650004014,41.300981999854166],[-70.80208300033155,41.3142070001498],[-70.81941500020194,41.32721200029791],[-70.83877700037496,41.347208999679935],[-70.83380200007579,41.35338599978125],[-70.81985200004495,41.353575999764004]]],[[[-70.94109900004305,41.42173900015876],[-70.93700800037394,41.425267999699855],[-70.93235600011496,41.42506799972441],[-70.92976199974771,41.42974399980347],[-70.92747500042542,41.43181099998737],[-70.923087999582,41.430248000009215],[-70.91993199969826,41.42563299976775],[-70.91479499991574,41.42468999975219],[-70.90913900027438,41.42308899982518],[-70.90899899963398,41.42160400033258],[-70.91281300019196,41.42173300030718],[-70.91908499977646,41.42338200029476],[-70.92334100020031,41.42246299973727],[-70.92618800028754,41.419790000012],[-70.92903899967445,41.41558900014063],[-70.9371549997887,41.41209299982655],[-70.94899599987421,41.40955100002515],[-70.95095000000886,41.41188199998644],[-70.9491850000201,41.41577599980882],[-70.94373500024308,41.415014000172945],[-70.94122799991446,41.41876600005576],[-70.94109900004305,41.42173900015876]]],[[[-70.8875760000945,41.43323000030038],[-70.88220699961003,41.432563999915416],[-70.88030000022935,41.437968999665365],[-70.872517000201,41.4393600002648],[-70.86801800010291,41.44235400007498],[-70.8636679999677,41.442542000098975],[-70.86081599985759,41.44574900003453],[-70.85710299958195,41.45025299969951],[-70.85463600033462,41.4485999999008],[-70.85582399984,41.440582999946464],[-70.85107100019698,41.43595000003276],[-70.84916899994087,41.43541499988051],[-70.84856300004344,41.4328440002484],[-70.85372499994037,41.42850500000888],[-70.85779300004324,41.42600000029741],[-70.86266299986212,41.42411500020083],[-70.87121599981941,41.42208500009347],[-70.88440500014215,41.42149799995799],[-70.88937100022049,41.42263100021985],[-70.89605100023398,41.421826000302204],[-70.90234700010791,41.42171799966539],[-70.90549999961858,41.42525299987465],[-70.90359800026077,41.43078200014366],[-70.90101099956622,41.434453000328716],[-70.89456599972938,41.432741999935004],[-70.8875760000945,41.43323000030038]]],[[[-70.91739400030583,41.45233900019514],[-70.91535399995745,41.452477000259904],[-70.91516499981157,41.4510339999246],[-70.92033400027951,41.44888900012405],[-70.9211860002242,41.44539300014514],[-70.92578099968344,41.449584999839665],[-70.92541599981047,41.45173199989354],[-70.92351799975232,41.45436600010114],[-70.92066599964221,41.454552999851394],[-70.91739400030583,41.45233900019514]]],[[[-70.82856999985869,41.45672800013495],[-70.82267999986561,41.45678299973834],[-70.8205950002097,41.45850699987107],[-70.81636899992307,41.45608200023739],[-70.81232900030759,41.453231999764704],[-70.80828799996888,41.44949099999879],[-70.80995199967533,41.44664000023125],[-70.80805100014241,41.445037000322564],[-70.81011499988195,41.44369199967968],[-70.81446800039018,41.44592800019614],[-70.8228830002552,41.445310999678206],[-70.8308679999499,41.441295000045066],[-70.83686800044616,41.44196799973706],[-70.84156400018773,41.44913399987809],[-70.84037499995915,41.452875000031916],[-70.83820200043971,41.456011999916264],[-70.83250800026522,41.457951000329786],[-70.82856999985869,41.45672800013495]]],[[[-70.80296399969026,41.464870000196434],[-70.80172299958312,41.46727500011648],[-70.79835099978935,41.46880599996129],[-70.79244699955258,41.46928899979224],[-70.78903600029902,41.47193400009151],[-70.78701400039232,41.47668700001964],[-70.78415300006138,41.47795999989969],[-70.77982399984258,41.47706999999507],[-70.775488999776,41.477098000328006],[-70.77139399990894,41.48178199977481],[-70.77034500032076,41.48494499997856],[-70.76799299980283,41.48778799983381],[-70.76175100035557,41.48807599975044],[-70.75718699996014,41.490986000055],[-70.75490099956447,41.491016000265375],[-70.75005699968487,41.49543700018259],[-70.7471519998713,41.49988899969627],[-70.74340199978575,41.500955999818956],[-70.73760200020436,41.50426100012319],[-70.73016599960732,41.503176000127425],[-70.72646499992557,41.505625000080286],[-70.72208600037636,41.509272000146744],[-70.71878700037752,41.51287400003957],[-70.71022199982636,41.518914999682934],[-70.70723499999703,41.51994700008703],[-70.70252099981377,41.51964399977645],[-70.70061899955765,41.521778999995924],[-70.6982429996486,41.5208900002442],[-70.70038199973118,41.51733000012046],[-70.69943100005229,41.513592999845585],[-70.69443999985958,41.513948999964946],[-70.69206300012563,41.512524999848],[-70.6873089997594,41.51234700015325],[-70.68279299994285,41.514305000144326],[-70.67827799995122,41.51733000012046],[-70.67685100007127,41.51679699971444],[-70.67518800018973,41.51394899996493],[-70.67471199998867,41.51234700015325],[-70.67723100001287,41.509754999752374],[-70.68156199988147,41.50726900019498],[-70.68553700009794,41.506668000267126],[-70.68989399990582,41.50452899991092],[-70.69372699983207,41.50682999995739],[-70.69800499999722,41.5045160003359],[-70.70204600033593,41.50398200032296],[-70.7070369996303,41.5014899998933],[-70.7060859999514,41.49810800018587],[-70.70454100007066,41.49681000009858],[-70.70988899974043,41.493656999910186],[-70.7122660003727,41.49063000017654],[-70.72231099960896,41.4882789998828],[-70.72575000024821,41.488432000205236],[-70.73437000015267,41.486890999776215],[-70.73957899990525,41.482365000255555],[-70.74720499957475,41.4778100001142],[-70.75290899979497,41.47870100005966],[-70.756711999584,41.47905700020168],[-70.75980200024381,41.47692000016888],[-70.76098999974917,41.47300199981132],[-70.75718699996014,41.47068700027318],[-70.75566399982071,41.46714599977598],[-70.75813799963905,41.46302899991688],[-70.76112799984142,41.46111200010461],[-70.76642600018079,41.460527000219905],[-70.76788300019797,41.457684999909745],[-70.77630800010874,41.457664000273056],[-70.78443300044385,41.45033300023756],[-70.79039500040695,41.44653500026141],[-70.79607799981245,41.4467929998639],[-70.79999600012752,41.44616700007092],[-70.80519900003232,41.45038100010906],[-70.80662500008737,41.45501300005714],[-70.80709999956521,41.458575999774695],[-70.80258399974866,41.459287999683895],[-70.8019720000035,41.46191199974154],[-70.80296399969026,41.464870000196434]]]]}},{"type":"Feature","properties":{"id":"25009","name":"March of Essex","region":"Greater Boston and the North Shore","color":"#777d9c","label":[-70.9209544864068,42.65193289093587],"displayName":"March of Essex","kind":"region","canon":true,"culture":"Greater Boston and the North Shore","summary":"Example county entry. Modern Census county boundaries provide a geographic reference; titles and heraldry are fictional placeholders.","flag":"assets/flags/placeholder-county.svg","shield":"assets/placeholder-arms.svg","labelMinZoom":6},"geometry":{"type":"MultiPolygon","coordinates":[[[[-70.83370499999141,42.48527200020839],[-70.8330000003598,42.48418700016016],[-70.83404999977292,42.48319100019943],[-70.8334649997919,42.48199499968857],[-70.83535500035245,42.482254999872204],[-70.83558100030827,42.48383299969573],[-70.83488499999919,42.48488299978017],[-70.83370499999141,42.48527200020839]]],[[[-70.8120620003439,42.51199199998103],[-70.81266499986825,42.51011699992983],[-70.81407000000692,42.510400999788054],[-70.81743299957989,42.51402699971545],[-70.81639599968724,42.51460600003438],[-70.8120620003439,42.51199199998103]]],[[[-70.78703100011074,42.53729500003229],[-70.7855899999871,42.53697800015043],[-70.78300599966558,42.53548100032241],[-70.78225199963018,42.53371599977626],[-70.78490999957151,42.532543999893285],[-70.78561699975127,42.531206000117784],[-70.78770800015327,42.53057900029257],[-70.78940299982183,42.53193100024808],[-70.7882389997076,42.53683599987985],[-70.78703100011074,42.53729500003229]]],[[[-70.79756800033992,42.549712000259106],[-70.79627299980612,42.55112599978753],[-70.79503000004918,42.55067800000967],[-70.79439700038759,42.54803800025412],[-70.79666899964124,42.546459000029074],[-70.80006499972448,42.547704000278955],[-70.80209099982916,42.54718799974851],[-70.80334000033221,42.54829899977547],[-70.80222800009653,42.551048000063346],[-70.80163399989468,42.55147400022026],[-70.79938000018436,42.551238000222234],[-70.79851200034614,42.54975700000608],[-70.79756800033992,42.549712000259106]]],[[[-70.7823029996838,42.55183399969863],[-70.7832390001924,42.552342000275566],[-70.78305500006938,42.55346099967512],[-70.78160600044811,42.554015999993936],[-70.78069500005387,42.553641000229874],[-70.78099100032988,42.55240800015646],[-70.7823029996838,42.55183399969863]]],[[[-70.7205320002748,42.56840600004385],[-70.7208979999727,42.56672999996302],[-70.72165600020607,42.56608800030754],[-70.7237359998391,42.56701900016693],[-70.72314800038335,42.56815699975916],[-70.72122299966271,42.569933000321434],[-70.7205320002748,42.56840600004385]]],[[[-70.58803699966982,42.626413000321136],[-70.59160699983033,42.627502999864646],[-70.59218900033663,42.629471000214764],[-70.5882450000823,42.63060500000794],[-70.58681900002723,42.62815699981493],[-70.58803699966982,42.626413000321136]]],[[[-70.573509000229,42.636375999817865],[-70.57564800031156,42.63445199989007],[-70.57870999958566,42.6345480001272],[-70.58028499960362,42.6360250003019],[-70.57508800044491,42.63978000021697],[-70.57337699998452,42.63950700027895],[-70.573509000229,42.636375999817865]]],[[[-71.25519877045011,42.73663834390605],[-71.24550400008863,42.74258899976499],[-71.23340400043534,42.7454889996783],[-71.22390400009881,42.746689000271076],[-71.1818029999361,42.737590000299186],[-71.1861039996675,42.79068900014989],[-71.17440300022238,42.80158899982933],[-71.16770300011744,42.807388999783036],[-71.16560300039289,42.80868899991629],[-71.14970300042536,42.81548900018047],[-71.13250299990115,42.82138899972835],[-71.06420100044159,42.80628900007939],[-71.0536009995649,42.83308900005233],[-71.04750100040789,42.84408899986249],[-71.04440099970233,42.84878899993082],[-71.03120100040726,42.85908899967852],[-70.96650000017205,42.868988999848916],[-70.94919900026379,42.87608899969677],[-70.93079899964033,42.88458899978112],[-70.92762900041124,42.88532599983002],[-70.91489899967279,42.886588999824056],[-70.90276800005739,42.88653000027974],[-70.88613599979574,42.88260999989834],[-70.84862499996774,42.86093900030125],[-70.83737600043425,42.8649959998691],[-70.83079500015498,42.868918000189495],[-70.82176900036967,42.87187999968908],[-70.81729600021083,42.872289999796536],[-70.81773100040402,42.85061300013082],[-70.81268599978465,42.82287100001703],[-70.80853999986398,42.81494199992898],[-70.80521999994872,42.78179799972513],[-70.79286699967713,42.74711800007102],[-70.77226699977004,42.71106400018625],[-70.7704530002758,42.70482399980144],[-70.7757909998998,42.700669000259225],[-70.77608299997785,42.69126399973969],[-70.76442099999251,42.68565000002159],[-70.75274200028872,42.6843289998177],[-70.74460199988499,42.68130800000309],[-70.73253400001879,42.67023700018217],[-70.73054700027217,42.666562999962544],[-70.71915300007541,42.663749999831474],[-70.70583200040652,42.65824499978511],[-70.69594200008262,42.65582500003262],[-70.69123100027242,42.65578999986806],[-70.68876900014963,42.652610000311846],[-70.68462999990165,42.65181299986203],[-70.68229400017557,42.65441699984281],[-70.67991800026653,42.66033600011947],[-70.68129900011574,42.6614790001939],[-70.68138199995641,42.66226299996378],[-70.67609700003584,42.666157000108434],[-70.67313699997071,42.66654500023341],[-70.66684799976946,42.67172200024736],[-70.66354799994569,42.67760300016191],[-70.6574370000197,42.68151900016864],[-70.654389000091,42.681689999774015],[-70.64907700040625,42.68564299978262],[-70.64711099967772,42.68785699981265],[-70.64505600015904,42.68854300031519],[-70.64360300033981,42.68749400031457],[-70.64322300039822,42.68511500014276],[-70.64137999969333,42.685052999823085],[-70.63629200031455,42.69029300002734],[-70.63007699973319,42.6926990000989],[-70.62732000005762,42.69141099987386],[-70.62724300006472,42.688418000147],[-70.62325500032777,42.68689700000855],[-70.62085099993133,42.68684000012724],[-70.62050699997474,42.68460799972815],[-70.62369899984348,42.68156699997794],[-70.62270499960856,42.678351000109416],[-70.62405899969359,42.676909999808984],[-70.6214750002704,42.672738999728715],[-70.62390899990577,42.66723000019419],[-70.62284000022609,42.66435500002479],[-70.62392700034742,42.661635000036064],[-70.62071899968684,42.65873299974096],[-70.61798700012565,42.65906899993186],[-70.61612699970235,42.66030499982652],[-70.6148920003413,42.66021899997711],[-70.61347399978385,42.65875499982472],[-70.61049899965008,42.65977099989769],[-70.6071750004352,42.65855599992477],[-70.59858499976968,42.65987600021624],[-70.59742099965543,42.659605000284344],[-70.59760099958048,42.65809499987116],[-70.59505200031738,42.65607100019903],[-70.59746099983842,42.65348599992185],[-70.5971029996381,42.65146800004134],[-70.59174200044788,42.64850799995363],[-70.59586499990402,42.64251400025663],[-70.59540899979444,42.640321999865314],[-70.59240500024669,42.64048599977215],[-70.5914689997381,42.639820999765334],[-70.59401399970155,42.635030000222145],[-70.60561100028787,42.634898000136765],[-70.6184199997707,42.62863999984199],[-70.61792199982833,42.62546800019712],[-70.62048500023343,42.62303200009097],[-70.62717299974452,42.6213380000907],[-70.63221699964068,42.61679500018908],[-70.6323320001667,42.60787600000878],[-70.63563500036352,42.600243000110225],[-70.64169699988572,42.5945249999386],[-70.64608700020388,42.59220500032823],[-70.64803999961532,42.58754899987076],[-70.6547270001998,42.58223400000293],[-70.66488699996212,42.580435999831224],[-70.66603699983264,42.5840819996904],[-70.66389799975006,42.58828199968664],[-70.65961999958489,42.59213100010466],[-70.65700500019958,42.59825499973046],[-70.65890699955736,42.60350400031151],[-70.66556200035481,42.609102000273715],[-70.67673300007048,42.60752699981873],[-70.6764950004191,42.603329000239555],[-70.68148599971347,42.600703999684455],[-70.6843379998236,42.59615499979343],[-70.68080299982319,42.59346399985533],[-70.68450199985513,42.58885800010785],[-70.68807600021358,42.58594600000015],[-70.69293199978877,42.58421399969796],[-70.69857400008472,42.57739299978913],[-70.7081909996988,42.57557500027731],[-70.71034900004797,42.572568000111126],[-70.72968799975645,42.57151000019744],[-70.73093399988645,42.57448699994395],[-70.7355069996044,42.575521000162475],[-70.73704399998753,42.576863000158724],[-70.7401399995968,42.574806999833264],[-70.75728300021962,42.5704549997151],[-70.7637230000336,42.56167799999192],[-70.77213200005082,42.55960600000337],[-70.77747600042093,42.55935700032428],[-70.7884420000972,42.563253000019756],[-70.7944190001289,42.56450000014806],[-70.80409099999457,42.561595000098336],[-70.81539099958167,42.55419499973087],[-70.8237979999491,42.55186599966939],[-70.83659100043671,42.551278999828895],[-70.84548499997753,42.54819599979808],[-70.84792799983373,42.54914000007476],[-70.84835999965387,42.55001299989061],[-70.85012999966551,42.55114399981189],[-70.85487399998598,42.54936499988526],[-70.85516699988897,42.54752599978012],[-70.86111499960835,42.545128000074506],[-70.86864800028974,42.5485200000916],[-70.87519500023384,42.54434400012099],[-70.88256300016049,42.53488699998374],[-70.87892199985488,42.53214399972054],[-70.87163000009619,42.53558800014172],[-70.86758899975749,42.53628800020843],[-70.86420699991795,42.53342899999199],[-70.86632000006128,42.526729000065046],[-70.8775719999678,42.52350199972303],[-70.88517800044414,42.515269000151754],[-70.88636599994952,42.50861099984213],[-70.88185000013297,42.505631999902846],[-70.87471999985767,42.504931000010096],[-70.86949100001362,42.51194000025197],[-70.86402399961985,42.5185969997246],[-70.85712500022159,42.52149200014211],[-70.8487069999835,42.51920800023433],[-70.84562300006979,42.51747499974263],[-70.84209100044244,42.5194949998126],[-70.84239500021604,42.50878600018313],[-70.85166500039882,42.50019999984884],[-70.85309099955556,42.4959939999987],[-70.85332900010525,42.49301500029635],[-70.84738700023367,42.493891000295804],[-70.84477199995,42.49651999967282],[-70.84073200033453,42.49932400013543],[-70.83380999957339,42.505868000084924],[-70.83109100043099,42.50359600033021],[-70.83378799983211,42.499379000045316],[-70.8359910003871,42.49049600022684],[-70.84159099995192,42.487596000164096],[-70.84739100043161,42.491496000024014],[-70.85779100039343,42.49029599967371],[-70.87969199978382,42.478795999729336],[-70.88649300017111,42.47019699973814],[-70.88799200002111,42.467095999919906],[-70.88729200041236,42.464895999935976],[-70.89429200009299,42.460896000103226],[-70.90145300033042,42.46422599983956],[-70.9072749996531,42.46285500019403],[-70.90809200033601,42.466896000104036],[-70.92199299996307,42.4666960003119],[-70.9277130000768,42.460891999915866],[-70.9314869995535,42.46062999967747],[-70.93499300013993,42.45789599986653],[-70.93748000037704,42.44008799999307],[-70.93615899990397,42.437402999903064],[-70.92848899985353,42.438326000037236],[-70.92801799967533,42.43721600027467],[-70.93340200022841,42.433434999924],[-70.9286279997707,42.428834000271976],[-70.92508500027269,42.430299000075046],[-70.91319200030865,42.427696999823794],[-70.90839199991166,42.425197000313396],[-70.9076470000971,42.42183400017954],[-70.90287199981445,42.42005300027679],[-70.90569200013752,42.41619699986793],[-70.91085200038462,42.4165160002325],[-70.91993400024641,42.423586999810624],[-70.92804600016274,42.42066299988197],[-70.92797099981966,42.41713000009012],[-70.9363930002557,42.418096999990304],[-70.93743199979815,42.42579999999658],[-70.93554600033387,42.43153200025309],[-70.93977099989726,42.43847200031791],[-70.94047499970398,42.44376000029116],[-70.93852800014032,42.454090000195514],[-70.9389840002499,42.45702400000132],[-70.94366400009797,42.45833799974841],[-70.96260699997134,42.4451049999097],[-70.96539799998209,42.44542399968135],[-70.96613881185081,42.443492041111526],[-70.96859400004878,42.4443960000176],[-70.9715940002969,42.44269600029691],[-70.97519399969632,42.43689600004855],[-70.97945400031814,42.432815000292855],[-70.98229399983437,42.43129600010636],[-70.98370800019389,42.43166300004095],[-70.99012000041874,42.43487700023725],[-70.99202299960146,42.434135000241845],[-70.99723399990218,42.431051000328715],[-70.99985699968343,42.43129600010633],[-71.00214999975181,42.4326080002127],[-71.00591999992885,42.43304399989886],[-71.00697400043823,42.43383799994232],[-71.01077700022725,42.434567999837654],[-71.01141599973663,42.43599100011466],[-71.0101050002076,42.4381880000405],[-71.01226900040454,42.43972400016482],[-71.00967099983933,42.44104700020169],[-71.01192399972474,42.44216400015288],[-71.0187569998991,42.45011800021217],[-71.02583600012075,42.44470900024204],[-71.05421400003333,42.476902999751026],[-71.05262899996961,42.48605699993465],[-71.05025200023566,42.48653299998567],[-71.04520900016442,42.488719999781786],[-71.03990800035034,42.495948999928174],[-71.04208699971757,42.49827099970898],[-71.04377399988853,42.50119900005998],[-71.04222900000778,42.50234299988077],[-71.03872099977156,42.50271999984948],[-71.03583900042256,42.50519200022642],[-71.03490000043921,42.506757999833084],[-71.03694599973704,42.51042100013049],[-71.03655599974971,42.512434999789605],[-71.03948300020288,42.51453599985321],[-71.03830200037022,42.516262000315],[-71.04010800036686,42.51723700006585],[-71.04098899972557,42.51984700016472],[-71.0409129995576,42.521718000012484],[-71.03859899957283,42.523960000186975],[-71.04098299987781,42.52626199975297],[-71.0575130000322,42.52417299969691],[-71.0583800000455,42.52362099999153],[-71.06067300011388,42.52522699979709],[-71.06196299972649,42.524298999867085],[-71.06726699991363,42.524982999761505],[-71.07515000039942,42.53103500000735],[-71.07097799964113,42.55588899972104],[-71.06493700003533,42.56211600004096],[-71.05704000020417,42.57401900003506],[-71.05300600043647,42.57299400021932],[-71.05277200008474,42.57137200015115],[-71.05187300028437,42.57211500018609],[-71.04975299957005,42.571090999779344],[-71.04468100008482,42.572949000028544],[-71.04428100005173,42.573877000009915],[-71.0415319998738,42.5734899997444],[-71.04009800032112,42.57158899974619],[-71.03766299996254,42.571164000233104],[-71.03666500042796,42.57164900019909],[-71.03546000030585,42.570259000135586],[-71.02831199958891,42.574082000138276],[-71.0339980002658,42.585493000029125],[-71.0593519996408,42.60632699988245],[-71.05876599983489,42.60907700017872],[-71.07616700020056,42.60413600021109],[-71.12135999977457,42.60028000004559],[-71.13545600029359,42.59911600018401],[-71.14120300017152,42.60320699990616],[-71.14319699959084,42.60403900027894],[-71.14594199957082,42.60833499995862],[-71.14865300011394,42.6131680003213],[-71.15441900025844,42.61526800000054],[-71.15656400018881,42.61497700018872],[-71.15861700005767,42.612947999883836],[-71.15951699968295,42.60765899976245],[-71.16066699955348,42.60531799978009],[-71.16390899965094,42.601851999913336],[-71.16487899959641,42.59802099981378],[-71.18134900037467,42.608373000049205],[-71.17749499963371,42.60895800017094],[-71.17838799958629,42.61079900016135],[-71.17611600033263,42.61461100013722],[-71.17296000044891,42.61501200017666],[-71.17175799980153,42.616544999918375],[-71.17621300041701,42.61872400006086],[-71.22926099998939,42.64420699976554],[-71.25618799973256,42.65714500016152],[-71.25496599989201,42.65777500025482],[-71.25171600029697,42.660332000146475],[-71.25011199996666,42.66098700005875],[-71.24417199974488,42.66151399979871],[-71.24248999959678,42.662345999910904],[-71.24039700044328,42.66673000020985],[-71.23817899981967,42.669419000166386],[-71.23843400008778,42.67076300012058],[-71.25123599989794,42.721222000227314],[-71.25519877045011,42.73663834390605]]],[[[-70.58756800003978,42.66190799997407],[-70.59000099985022,42.6589809999944],[-70.59309200033495,42.65930799991416],[-70.5936809996156,42.66045499969405],[-70.59295099986963,42.661197999859084],[-70.59106399968213,42.661311999713114],[-70.58925199983769,42.6627450000362],[-70.58756800003978,42.66190799997407]]]]}},{"type":"Feature","properties":{"id":"25011","name":"Palatinate of Franklin","region":"Western Massachusetts","color":"#57947e","label":[-72.56403828038604,42.519659031992184],"displayName":"Palatinate of Franklin","kind":"region","canon":true,"culture":"Western Massachusetts","summary":"Example county entry. Modern Census county boundaries provide a geographic reference; titles and heraldry are fictional placeholders.","flag":"assets/flags/placeholder-county.svg","shield":"assets/placeholder-arms.svg","labelMinZoom":6},"geometry":{"type":"Polygon","coordinates":[[[-73.02301499560204,42.74113522433334],[-73.02370899985458,42.70268999968013],[-72.99787799955526,42.70126399990536],[-72.94963899970237,42.70511100019423],[-72.94870300009208,42.70363499978884],[-72.95022899970625,42.70116499983707],[-72.95169099974633,42.700510000169466],[-72.95388000005764,42.69815799981374],[-72.95173599995218,42.69565299968124],[-72.9516470002637,42.693950999939204],[-72.9529489995719,42.69129400011874],[-72.95435299988566,42.69027600024464],[-72.95738699957063,42.690112999917],[-72.9593349998575,42.689517999728764],[-72.96137500020589,42.68822499969974],[-72.96380200016857,42.6874920002114],[-72.971584000372,42.68905500011131],[-72.973520000065,42.68880800002466],[-72.97749500028148,42.685913000032876],[-72.97698700029335,42.68279299967948],[-72.97560999974378,42.68042400010174],[-72.97582599965384,42.679421999998006],[-72.9772569997318,42.67905099990337],[-72.9838840000418,42.679385000205464],[-72.98889699997581,42.67866299991612],[-72.98977200038505,42.67821900015137],[-72.98853299992773,42.67533200005352],[-72.98925099997814,42.67423300019082],[-72.99466499977014,42.67432200026826],[-72.99553900035444,42.67315600031837],[-72.9932680000274,42.67104600012667],[-72.98858399998136,42.667375999687266],[-72.98552900037997,42.665938000078704],[-72.98240600010821,42.665201000232486],[-72.98003799969676,42.66410800016571],[-72.97655499957489,42.661232000138746],[-72.97520899988578,42.66082400017987],[-72.9728449996723,42.66272199992301],[-72.96876300022403,42.66424699971772],[-72.96394799975842,42.664294000223016],[-72.96209400008121,42.66702299993148],[-72.96044299989525,42.66738700018259],[-72.95743199977647,42.66697199996201],[-72.95472100013167,42.66562400031265],[-72.95435799990851,42.66246099976597],[-72.9555329998934,42.659374000192436],[-72.95557300007637,42.65451300032787],[-72.95427500006785,42.65171299996728],[-72.95291299958689,42.650895000011495],[-72.95103899981817,42.641006000132144],[-72.95459899993294,42.628653999940205],[-72.97540899990233,42.55603700008911],[-72.87684900001538,42.541197000175295],[-72.87665800021968,42.5317330003201],[-72.87546099959515,42.52589700011071],[-72.87031999961464,42.525149999837225],[-72.8751550001717,42.507249000140014],[-72.87113599957432,42.48404099978091],[-72.85563300016513,42.480919999704184],[-72.8315660000297,42.476376000281746],[-72.83149400005965,42.47699799971123],[-72.77332899989787,42.466782000287566],[-72.77360099988444,42.46554000020558],[-72.76379199975142,42.46366500023934],[-72.76429999973952,42.46015600018878],[-72.7582869997228,42.46092600017506],[-72.75911100007843,42.45649399982032],[-72.76511400004938,42.45588400029962],[-72.76593699968177,42.45168100011379],[-72.7571100000881,42.452412999964324],[-72.7577579998183,42.44588300031995],[-72.70087700031966,42.45292000019187],[-72.7043920002286,42.405550000080225],[-72.66913799958563,42.409711000066466],[-72.62231499974206,42.41510799991379],[-72.58558499971365,42.42314400008639],[-72.5811030002323,42.42257899989436],[-72.57591700004593,42.42325599979443],[-72.54419900012661,42.42715000015056],[-72.53096799997107,42.42885300027634],[-72.4898910001805,42.4338160000115],[-72.48369599969061,42.40748099976788],[-72.37502200007212,42.42081899976738],[-72.37537699989936,42.419009000026556],[-72.37196699957241,42.41596999993217],[-72.3735349999177,42.41339199995592],[-72.3699170000766,42.4107409999845],[-72.37141099990373,42.40861500004573],[-72.36996899995513,42.408032000158855],[-72.36657600024493,42.403506000065825],[-72.367994999729,42.40266000025564],[-72.36936399988265,42.40028299970987],[-72.3679110000634,42.397537000031576],[-72.36882499993239,42.396441000274564],[-72.36712500024096,42.394583000253846],[-72.36771799971956,42.39406800012644],[-72.36669900026861,42.39112399993334],[-72.36549699962121,42.39063300012942],[-72.36596399960145,42.388761999690075],[-72.36426999975778,42.38813000030465],[-72.36381399964822,42.386671999953094],[-72.36682999978986,42.38535299998752],[-72.36583700027816,42.38294599988654],[-72.36372400013485,42.38182000002646],[-72.36580700014092,42.381746000007354],[-72.36665900008563,42.38085500028347],[-72.36614100005177,42.378238999816695],[-72.3641900002902,42.37881600028936],[-72.36372300030993,42.37644300006791],[-72.3639890004487,42.373636999857816],[-72.36276500006002,42.37204099983804],[-72.36081699977314,42.37121300001727],[-72.36076499989461,42.36877500020986],[-72.3580330003334,42.366796999812166],[-72.35636500042901,42.366507000106964],[-72.35732100013082,42.365009000077386],[-72.35925799964869,42.363914000156164],[-72.35724099976485,42.35969600001901],[-72.35898599966214,42.35669499997945],[-72.3589689999437,42.35563900016655],[-72.35719300008428,42.35429999983397],[-72.35794700011968,42.35309400030598],[-72.3564480002697,42.350666999679675],[-72.35840599970399,42.34992899994022],[-72.35802800031054,42.34791200001085],[-72.35937599964947,42.345565999981204],[-72.35656399972233,42.34323399976075],[-72.35502999971223,42.34271500033157],[-72.35539600030847,42.340677999888946],[-72.35406099959167,42.34008499998],[-72.35288399995696,42.33817399970783],[-72.35119900033413,42.33441700033049],[-72.35252400010685,42.33243800009173],[-72.35253199960445,42.331135000135056],[-72.35112800018902,42.32956299995948],[-72.35359399961143,42.32769199993018],[-72.35117800041773,42.324883999811284],[-72.3543019996161,42.32368299974502],[-72.35300199995774,42.32125199971913],[-72.35522700025406,42.31819800006281],[-72.35455600005932,42.316048999763154],[-72.35615700001655,42.31437400024991],[-72.35732799980347,42.31038999984704],[-72.35903199969289,42.30975700007231],[-72.35873100029232,42.30882200007494],[-72.36047799983943,42.30869999995475],[-72.3603699998844,42.30779099980508],[-72.3560180000994,42.30328299989041],[-72.3542099995546,42.305683999887606],[-72.35189100044528,42.30641200016722],[-72.3516889998806,42.30426200014693],[-72.3503730003287,42.304168000040505],[-72.34955599964577,42.30603099982155],[-72.35065899966068,42.30738999976234],[-72.35227800005956,42.307938000072205],[-72.34988899973172,42.308042999957955],[-72.35145899972682,42.309993000266566],[-72.35015900006846,42.310312000237545],[-72.3486560000205,42.30917599997829],[-72.34588900029921,42.30996899983689],[-72.34359700005577,42.31188699978625],[-72.34209099963475,42.31433100003086],[-72.33770500041287,42.31453900010731],[-72.33524599976482,42.31514200021868],[-72.3347150002105,42.31761799984614],[-72.3323019995932,42.319408999671936],[-72.32911800012039,42.319686999809406],[-72.32833300012285,42.318558000325666],[-72.32722300043528,42.32046700024156],[-72.32739999998729,42.32347699983244],[-72.32821900032002,42.325247999886855],[-72.32676200030284,42.32681399981157],[-72.32621400013174,42.32515800011884],[-72.32467300044897,42.32676599981793],[-72.32605400029817,42.32847799975087],[-72.32486500006958,42.3308199999775],[-72.32272400033717,42.33103900006438],[-72.32316500037814,42.33352299972829],[-72.31763100003724,42.33962599984996],[-72.31505500011166,42.33941099975495],[-72.31492399969208,42.342644999820955],[-72.31425300039567,42.34368799982304],[-72.31427699978678,42.348337999684404],[-72.31261100043054,42.35079600009926],[-72.31221899989505,42.35252399969214],[-72.31365300034604,42.354335999672216],[-72.31312100006846,42.355697000024634],[-72.3137989999359,42.35779099995344],[-72.31154600005051,42.358849999828365],[-72.31296500043287,42.36211399978518],[-72.3105049999599,42.36429400019083],[-72.31310799964969,42.36855699967597],[-72.31565500016127,42.36947900023197],[-72.31456700021502,42.37140500011099],[-72.31143100042277,42.372205999738846],[-72.31208699965057,42.37376500013349],[-72.3131589997033,42.37358700020814],[-72.31206599973417,42.37643099992193],[-72.31364099975214,42.37758400020717],[-72.3131169998705,42.378751000324016],[-72.31434999958172,42.38165600015356],[-72.31292400042497,42.38268700010171],[-72.31085200028954,42.38586600012932],[-72.31164599960961,42.386608999969276],[-72.31004300000254,42.38739000023158],[-72.31257200007248,42.388670000196285],[-72.3126580002862,42.39093199975387],[-72.31450799976545,42.391655000191136],[-72.31339100040522,42.39275899972545],[-72.31581900019279,42.39453999981492],[-72.3136309997064,42.39640400026898],[-72.3150879997236,42.39885600004002],[-72.31403999996031,42.399183000003724],[-72.31256899969942,42.40350299983026],[-72.31357200015516,42.40663999975465],[-72.31035699982192,42.407928999862506],[-72.31027300015633,42.410674000206036],[-72.30930200038596,42.410857000025715],[-72.3086160001226,42.41469099981348],[-72.30648100023795,42.41646799976995],[-72.30668100025451,42.41920099984485],[-72.30561000002668,42.42035699979557],[-72.30227900024077,42.420315999841726],[-72.30099200010288,42.421945000232725],[-72.30128500000586,42.423618999805676],[-72.3024569996177,42.424019000023875],[-72.30032900030407,42.42456199997451],[-72.29709600042747,42.426592999706166],[-72.29355600040418,42.43002199968991],[-72.29209099999106,42.42996599993726],[-72.29088800041708,42.43404499993807],[-72.28867399999142,42.43557500012157],[-72.29072600003538,42.43733999980691],[-72.2872780000736,42.43724599975628],[-72.28733999999787,42.43845799995157],[-72.28325900037451,42.44118899998874],[-72.29128799955184,42.47952500003991],[-72.2448680001144,42.513438999843956],[-72.26911099997696,42.53342499980809],[-72.27358999998359,42.56099899988339],[-72.27665999965357,42.5704380002485],[-72.27643399969776,42.57737399989146],[-72.27507200011512,42.57669300025922],[-72.2738450002517,42.57743299990292],[-72.2732259999355,42.57934200014034],[-72.271811999576,42.57830100002165],[-72.27139099962653,42.57627300007699],[-72.27000399992954,42.57633700007326],[-72.26861399985948,42.57787199996187],[-72.2653979997013,42.577610999767444],[-72.26346399965813,42.57595699987696],[-72.26133299997147,42.575921999777286],[-72.26706399995587,42.600812999679036],[-72.26544700010511,42.6009570000953],[-72.26215499977894,42.600250999847944],[-72.2600469996585,42.60114299986497],[-72.25880999974933,42.60372000007768],[-72.2563290002583,42.60512200003103],[-72.25331099956853,42.60533600003653],[-72.2547450000195,42.611614000151334],[-72.25177300025878,42.612138999810675],[-72.24000900016618,42.61372099974713],[-72.23840900003385,42.61462000024559],[-72.23195999999908,42.613950000303625],[-72.22994599958994,42.61438800012243],[-72.22776300002474,42.61622299967735],[-72.22833499958695,42.618857999740364],[-72.22754999958943,42.622074000062426],[-72.22985600007657,42.622083999865616],[-72.22906600005615,42.62399899999514],[-72.23054499981465,42.623781999739215],[-72.2311759998264,42.625862000022195],[-72.22779700035994,42.62649799994388],[-72.22531400032075,42.6304260001607],[-72.22645199959742,42.63494600026029],[-72.22821199956331,42.63649399975837],[-72.22907799975171,42.63835400030826],[-72.22493199983101,42.638936999952996],[-72.22948000033294,42.662665999784245],[-72.2421089998907,42.66164199967682],[-72.2434949997628,42.669247999817664],[-72.25732500014304,42.66794000011802],[-72.25853699993785,42.67542400028544],[-72.27195600041438,42.67467199973755],[-72.28303287555288,42.72155870858073],[-72.32628247241765,42.722851382104345],[-72.41203323746316,42.72544629168135],[-72.45851899986761,42.7268530000565],[-72.51671118304988,42.72846766978593],[-72.5653564271254,42.72981743895806],[-72.61635348576755,42.73123246397193],[-72.68576348885811,42.733158397344305],[-72.77925708127246,42.73575258215852],[-72.80911300027024,42.73658099974879],[-72.86430052094809,42.73775604821643],[-72.930104828422,42.73915714847114],[-73.02301499560204,42.74113522433334]]]}},{"type":"Feature","properties":{"id":"25013","name":"Barony of Hampden","region":"Western Massachusetts","color":"#37657d","label":[-72.63068820006198,42.16938401343503],"displayName":"Barony of Hampden","kind":"region","canon":true,"culture":"Western Massachusetts","summary":"Example county entry. Modern Census county boundaries provide a geographic reference; titles and heraldry are fictional placeholders.","flag":"assets/flags/placeholder-county.svg","shield":"assets/placeholder-arms.svg","labelMinZoom":6},"geometry":{"type":"Polygon","coordinates":[[[-73.05328808592958,42.03986196832771],[-72.99954899983271,42.03865300019161],[-72.92422974315761,42.03813004206226],[-72.86361899968476,42.03770899986006],[-72.84714200013212,42.03689399972423],[-72.81354100022325,42.036494000017086],[-72.8167409995896,41.99759499985956],[-72.76673900029608,42.00299500011218],[-72.76613900024645,42.0076949997678],[-72.76326500039504,42.00974199980915],[-72.76323799973255,42.012794999794295],[-72.76123799956713,42.01459500032858],[-72.75973799989222,42.01699500010708],[-72.7613539999181,42.018182999775085],[-72.76230999961986,42.01977500017802],[-72.76215099961121,42.02152700005659],[-72.76055800004988,42.021845999742304],[-72.75746699956517,42.02094700004664],[-72.75403799986996,42.025395000118955],[-72.75173800012891,42.0301950000565],[-72.75353800027777,42.0320950000772],[-72.75753799971027,42.03329499997564],[-72.75583800001884,42.03619499971589],[-72.69592700013486,42.03678800030723],[-72.64313399993227,42.03239499984042],[-72.60793299989109,42.03079500008791],[-72.60693299980838,42.024995000113904],[-72.59023299977467,42.02469500012685],[-72.58233199974555,42.02469500012685],[-72.57323099961718,42.03014099989596],[-72.52813099992957,42.03429500015478],[-72.456680000259,42.03399900001163],[-72.39743337459622,42.0331107164119],[-72.31714800016348,42.03190699982415],[-72.24952299984812,42.0316260002725],[-72.19883212119078,42.031011044272866],[-72.13571499992179,42.03024533957763],[-72.13511200039744,42.09066500020729],[-72.1350110001151,42.1617840002238],[-72.14188600012224,42.16100000010387],[-72.19934800030224,42.15370700014022],[-72.20062600021929,42.1612869999372],[-72.26392399996568,42.18383099993878],[-72.2637499998884,42.18832300001171],[-72.26313200029543,42.19010900002168],[-72.26327600023548,42.19260099982864],[-72.26439799961861,42.193529000262004],[-72.26469100041987,42.19672499998006],[-72.2641080000887,42.199500999932155],[-72.2627919996385,42.20253400012363],[-72.2601589998115,42.205869000110866],[-72.2575040002432,42.207809000289274],[-72.23912700008427,42.226811999766454],[-72.22121799973048,42.24525199979109],[-72.24701300004477,42.242093999974436],[-72.25761399984805,42.229874000100864],[-72.26823100044317,42.22931099967714],[-72.27054799990267,42.23712600028627],[-72.27143900020542,42.23636799974082],[-72.27377199955845,42.23584699969312],[-72.27766999978202,42.23310299996306],[-72.28129500019412,42.235020000239544],[-72.3359680000132,42.22015899969778],[-72.33632000036569,42.219545000189015],[-72.34167999973101,42.21923199975743],[-72.34320700006842,42.21864999984227],[-72.34619300007282,42.215977999982094],[-72.34554000031976,42.213161000017635],[-72.34654700007516,42.21078700004885],[-72.347393999997,42.21014000026058],[-72.34930499957562,42.21021499997708],[-72.35036900013074,42.20852600000679],[-72.3523230002654,42.207014000022475],[-72.35371400016035,42.207015000121984],[-72.35501800001667,42.208853999996855],[-72.35733799984922,42.20900300033044],[-72.35903800043899,42.20651199996366],[-72.36147700009722,42.20542400008365],[-72.36329200031471,42.206029000102234],[-72.36199099993313,42.20732799988701],[-72.36466700031613,42.20726000007417],[-72.36497899958736,42.20669299986147],[-72.36460299984373,42.20314900014568],[-72.36347700026262,42.20203999983128],[-72.36264600023434,42.19852200007746],[-72.36385300000627,42.19795499997306],[-72.36352900014117,42.19701800031694],[-72.36099900024635,42.19725700024442],[-72.35985900042154,42.196320999824835],[-72.35938400004541,42.19425099982397],[-72.36127500043085,42.19462900020809],[-72.36166700006801,42.19348499978608],[-72.36015899999721,42.19014499991598],[-72.35821900010625,42.18980199972045],[-72.39547800003918,42.18573700027491],[-72.40394700033086,42.231847000216284],[-72.44711999964798,42.22725400010555],[-72.52428999960742,42.218733999989816],[-72.54635599975255,42.216489000204774],[-72.59344800010795,42.21155700005244],[-72.59616600032375,42.21178599997162],[-72.60380299986392,42.21386700029569],[-72.6079260002184,42.216230000107394],[-72.61074900001618,42.219419999783995],[-72.61163299974794,42.22277199982909],[-72.61356400031639,42.22558200016658],[-72.61512699974047,42.22681000019432],[-72.62246299988006,42.230210999888406],[-72.62365600030662,42.23165600015133],[-72.62403200005026,42.23535899978772],[-72.62134200032186,42.24181999996538],[-72.6180089999878,42.24836899997481],[-72.61507099966398,42.25201400002515],[-72.61155499993014,42.256913000113514],[-72.60778099955512,42.26057999987044],[-72.60023199987849,42.26538499983515],[-72.59917300024456,42.26738099999314],[-72.59881599986919,42.26990200018691],[-72.59936400004027,42.27533600002558],[-72.60037599981855,42.277393000045855],[-72.60120900039502,42.281258999703724],[-72.60523200029203,42.284463000311966],[-72.61200699984175,42.28557299974249],[-72.61313800034402,42.286264999702375],[-72.63458500017296,42.27394299970453],[-72.65653599979203,42.22773900017191],[-72.66777000015522,42.22545599993168],[-72.67003300008638,42.21650400011105],[-72.69051499999267,42.21307599977232],[-72.68624500022344,42.188828999700284],[-72.68686100016659,42.18338999970574],[-72.7810390001313,42.19974899972057],[-72.78211100018402,42.21727099979711],[-72.7919870002642,42.21730199983663],[-72.79341400014417,42.23685399990599],[-72.81257600030067,42.234954000292284],[-72.81342200039758,42.24500399978194],[-72.85763400015544,42.24047999975818],[-72.86427900000884,42.232266000148286],[-72.86847000013535,42.22365699993574],[-72.87218000003796,42.21643900004779],[-72.91230199995165,42.23913299989501],[-72.88060199957567,42.26538200031592],[-72.88520799980391,42.332611999977075],[-72.89478799960808,42.331491000279854],[-72.89563799990296,42.34070199989405],[-72.95382499980603,42.3438599999439],[-73.00027799975376,42.312596999837666],[-73.001850000297,42.25101699972825],[-73.0042939999781,42.25134699988134],[-73.00786699961334,42.23840899997038],[-73.03491999975321,42.14365200006159],[-73.07111300037951,42.148205999865596],[-73.07040500037486,42.146956000092544],[-73.07041899972025,42.14474899987726],[-73.07213000018065,42.14354799993053],[-73.07054599994186,42.14015999999476],[-73.06918199981106,42.13896699967927],[-73.06849999974568,42.135498000040975],[-73.06944200010207,42.13498599991414],[-73.06982700006655,42.13322800029552],[-73.06928499974323,42.13086899971628],[-73.06720599993511,42.12735100023646],[-73.06657400009843,42.12479100003057],[-73.06426000011368,42.12277500013529],[-73.06138399971411,42.119388999936376],[-73.0612060003372,42.1181119996854],[-73.06335299991738,42.11585000027617],[-73.06574499971995,42.11477799996403],[-73.06922700001692,42.11392599985988],[-73.07267199960565,42.111683999811476],[-73.07289699973656,42.11033500031037],[-73.0718370002777,42.10935599970993],[-73.07186700041494,42.10816299968366],[-73.07288900023893,42.10701700025132],[-73.07484500002342,42.10614600024881],[-73.07503599981912,42.10519500016455],[-73.07416700015598,42.101867000050675],[-73.07308699970734,42.09421299973714],[-73.06180499966358,42.07063800000777],[-73.05815300038563,42.06675300004857],[-73.06174199991439,42.061939000293016],[-73.05801199992032,42.05947900011731],[-73.05612800010589,42.058890000303094],[-73.05465099999718,42.057600000160534],[-73.05390500035769,42.054990000263686],[-73.05654900005533,42.04741899999325],[-73.0558069997155,42.045046999688104],[-73.05328808592958,42.03986196832771]]]}},{"type":"Feature","properties":{"id":"25015","name":"Earldom of Hampshire","region":"Western Massachusetts","color":"#a57667","label":[-72.7155273647648,42.371861389272595],"displayName":"Earldom of Hampshire","kind":"region","canon":true,"culture":"Western Massachusetts","summary":"Example county entry. Modern Census county boundaries provide a geographic reference; titles and heraldry are fictional placeholders.","flag":"assets/flags/placeholder-county.svg","shield":"assets/placeholder-arms.svg","labelMinZoom":6},"geometry":{"type":"Polygon","coordinates":[[[-73.00027799975376,42.312596999837666],[-72.95382499980603,42.3438599999439],[-72.89563799990296,42.34070199989405],[-72.89478799960808,42.331491000279854],[-72.88520799980391,42.332611999977075],[-72.88060199957567,42.26538200031592],[-72.91230199995165,42.23913299989501],[-72.87218000003796,42.21643900004779],[-72.86847000013535,42.22365699993574],[-72.86427900000884,42.232266000148286],[-72.85763400015544,42.24047999975818],[-72.81342200039758,42.24500399978194],[-72.81257600030067,42.234954000292284],[-72.79341400014417,42.23685399990599],[-72.7919870002642,42.21730199983663],[-72.78211100018402,42.21727099979711],[-72.7810390001313,42.19974899972057],[-72.68686100016659,42.18338999970574],[-72.68624500022344,42.188828999700284],[-72.69051499999267,42.21307599977232],[-72.67003300008638,42.21650400011105],[-72.66777000015522,42.22545599993168],[-72.65653599979203,42.22773900017191],[-72.63458500017296,42.27394299970453],[-72.61313800034402,42.286264999702375],[-72.61200699984175,42.28557299974249],[-72.60523200029203,42.284463000311966],[-72.60120900039502,42.281258999703724],[-72.60037599981855,42.277393000045855],[-72.59936400004027,42.27533600002558],[-72.59881599986919,42.26990200018691],[-72.59917300024456,42.26738099999314],[-72.60023199987849,42.26538499983515],[-72.60778099955512,42.26057999987044],[-72.61155499993014,42.256913000113514],[-72.61507099966398,42.25201400002515],[-72.6180089999878,42.24836899997481],[-72.62134200032186,42.24181999996538],[-72.62403200005026,42.23535899978772],[-72.62365600030662,42.23165600015133],[-72.62246299988006,42.230210999888406],[-72.61512699974047,42.22681000019432],[-72.61356400031639,42.22558200016658],[-72.61163299974794,42.22277199982909],[-72.61074900001618,42.219419999783995],[-72.6079260002184,42.216230000107394],[-72.60380299986392,42.21386700029569],[-72.59616600032375,42.21178599997162],[-72.59344800010795,42.21155700005244],[-72.54635599975255,42.216489000204774],[-72.52428999960742,42.218733999989816],[-72.44711999964798,42.22725400010555],[-72.40394700033086,42.231847000216284],[-72.39547800003918,42.18573700027491],[-72.35821900010625,42.18980199972045],[-72.36015899999721,42.19014499991598],[-72.36166700006801,42.19348499978608],[-72.36127500043085,42.19462900020809],[-72.35938400004541,42.19425099982397],[-72.35985900042154,42.196320999824835],[-72.36099900024635,42.19725700024442],[-72.36352900014117,42.19701800031694],[-72.36385300000627,42.19795499997306],[-72.36264600023434,42.19852200007746],[-72.36347700026262,42.20203999983128],[-72.36460299984373,42.20314900014568],[-72.36497899958736,42.20669299986147],[-72.36466700031613,42.20726000007417],[-72.36199099993313,42.20732799988701],[-72.36329200031471,42.206029000102234],[-72.36147700009722,42.20542400008365],[-72.35903800043899,42.20651199996366],[-72.35733799984922,42.20900300033044],[-72.35501800001667,42.208853999996855],[-72.35371400016035,42.207015000121984],[-72.3523230002654,42.207014000022475],[-72.35036900013074,42.20852600000679],[-72.34930499957562,42.21021499997708],[-72.347393999997,42.21014000026058],[-72.34654700007516,42.21078700004885],[-72.34554000031976,42.213161000017635],[-72.34619300007282,42.215977999982094],[-72.34320700006842,42.21864999984227],[-72.34167999973101,42.21923199975743],[-72.33632000036569,42.219545000189015],[-72.3359680000132,42.22015899969778],[-72.28129500019412,42.235020000239544],[-72.27766999978202,42.23310299996306],[-72.27377199955845,42.23584699969312],[-72.27143900020542,42.23636799974082],[-72.27054799990267,42.23712600028627],[-72.26823100044317,42.22931099967714],[-72.25761399984805,42.229874000100864],[-72.24701300004477,42.242093999974436],[-72.22121799973048,42.24525199979109],[-72.21806799969453,42.24860500011658],[-72.2148209995742,42.249041000186196],[-72.21458399974773,42.24757099994321],[-72.21045999956836,42.247205000041866],[-72.21107899988456,42.25126199984576],[-72.21110099962588,42.25567700010204],[-72.21609099999365,42.25619699998614],[-72.21756999975216,42.268198000091076],[-72.21764900029319,42.27017200014079],[-72.21277899957602,42.26980500000729],[-72.21204299998226,42.28265199980899],[-72.20710899969097,42.28524599984623],[-72.20395700000522,42.28887799968183],[-72.2032809997876,42.29118200022873],[-72.21079799967717,42.294478999912656],[-72.21674499957163,42.29405599971796],[-72.21626199969789,42.29930700019117],[-72.21277500027637,42.30151400007161],[-72.21222799993019,42.30256499977726],[-72.21306700035441,42.303808999742145],[-72.21285200026925,42.30756600016851],[-72.21214400026459,42.31021799986433],[-72.21079500020242,42.31138000003319],[-72.26154499968358,42.303330999859526],[-72.26192200015043,42.30525800027108],[-72.27463899957178,42.30196300001952],[-72.28000300003336,42.329091000019524],[-72.27707899995323,42.32940500005029],[-72.27849099976459,42.33646500017705],[-72.28138200023275,42.33612699978292],[-72.28423099996982,42.35201000023837],[-72.28855900036369,42.35207800003286],[-72.29133299975769,42.35173600006735],[-72.29538900016502,42.35056899991994],[-72.29670899991486,42.3493690001726],[-72.29874400024036,42.34932199996635],[-72.30139700015884,42.348228999907164],[-72.3037529999764,42.345757000217624],[-72.30614300012915,42.346127000317715],[-72.30680400027815,42.344282000192365],[-72.30878799965173,42.34489100017681],[-72.30940899961774,42.343761000271506],[-72.31217600023736,42.34280199972879],[-72.31425300039567,42.34368799982304],[-72.31492399969208,42.342644999820955],[-72.31505500011166,42.33941099975495],[-72.31763100003724,42.33962599984996],[-72.32316500037814,42.33352299972829],[-72.32272400033717,42.33103900006438],[-72.32486500006958,42.3308199999775],[-72.32605400029817,42.32847799975087],[-72.32467300044897,42.32676599981793],[-72.32621400013174,42.32515800011884],[-72.32676200030284,42.32681399981157],[-72.32821900032002,42.325247999886855],[-72.32739999998729,42.32347699983244],[-72.32722300043528,42.32046700024156],[-72.32833300012285,42.318558000325666],[-72.32911800012039,42.319686999809406],[-72.3323019995932,42.319408999671936],[-72.3347150002105,42.31761799984614],[-72.33524599976482,42.31514200021868],[-72.33770500041287,42.31453900010731],[-72.34209099963475,42.31433100003086],[-72.34359700005577,42.31188699978625],[-72.34588900029921,42.30996899983689],[-72.3486560000205,42.30917599997829],[-72.35015900006846,42.310312000237545],[-72.35145899972682,42.309993000266566],[-72.34988899973172,42.308042999957955],[-72.35227800005956,42.307938000072205],[-72.35065899966068,42.30738999976234],[-72.34955599964577,42.30603099982155],[-72.3503730003287,42.304168000040505],[-72.3516889998806,42.30426200014693],[-72.35189100044528,42.30641200016722],[-72.3542099995546,42.305683999887606],[-72.3560180000994,42.30328299989041],[-72.3603699998844,42.30779099980508],[-72.36047799983943,42.30869999995475],[-72.35873100029232,42.30882200007494],[-72.35903199969289,42.30975700007231],[-72.35732799980347,42.31038999984704],[-72.35615700001655,42.31437400024991],[-72.35455600005932,42.316048999763154],[-72.35522700025406,42.31819800006281],[-72.35300199995774,42.32125199971913],[-72.3543019996161,42.32368299974502],[-72.35117800041773,42.324883999811284],[-72.35359399961143,42.32769199993018],[-72.35112800018902,42.32956299995948],[-72.35253199960445,42.331135000135056],[-72.35252400010685,42.33243800009173],[-72.35119900033413,42.33441700033049],[-72.35288399995696,42.33817399970783],[-72.35406099959167,42.34008499998],[-72.35539600030847,42.340677999888946],[-72.35502999971223,42.34271500033157],[-72.35656399972233,42.34323399976075],[-72.35937599964947,42.345565999981204],[-72.35802800031054,42.34791200001085],[-72.35840599970399,42.34992899994022],[-72.3564480002697,42.350666999679675],[-72.35794700011968,42.35309400030598],[-72.35719300008428,42.35429999983397],[-72.3589689999437,42.35563900016655],[-72.35898599966214,42.35669499997945],[-72.35724099976485,42.35969600001901],[-72.35925799964869,42.363914000156164],[-72.35732100013082,42.365009000077386],[-72.35636500042901,42.366507000106964],[-72.3580330003334,42.366796999812166],[-72.36076499989461,42.36877500020986],[-72.36081699977314,42.37121300001727],[-72.36276500006002,42.37204099983804],[-72.3639890004487,42.373636999857816],[-72.36372300030993,42.37644300006791],[-72.3641900002902,42.37881600028936],[-72.36614100005177,42.378238999816695],[-72.36665900008563,42.38085500028347],[-72.36580700014092,42.381746000007354],[-72.36372400013485,42.38182000002646],[-72.36583700027816,42.38294599988654],[-72.36682999978986,42.38535299998752],[-72.36381399964822,42.386671999953094],[-72.36426999975778,42.38813000030465],[-72.36596399960145,42.388761999690075],[-72.36549699962121,42.39063300012942],[-72.36669900026861,42.39112399993334],[-72.36771799971956,42.39406800012644],[-72.36712500024096,42.394583000253846],[-72.36882499993239,42.396441000274564],[-72.3679110000634,42.397537000031576],[-72.36936399988265,42.40028299970987],[-72.367994999729,42.40266000025564],[-72.36657600024493,42.403506000065825],[-72.36996899995513,42.408032000158855],[-72.37141099990373,42.40861500004573],[-72.3699170000766,42.4107409999845],[-72.3735349999177,42.41339199995592],[-72.37196699957241,42.41596999993217],[-72.37537699989936,42.419009000026556],[-72.37502200007212,42.42081899976738],[-72.48369599969061,42.40748099976788],[-72.4898910001805,42.4338160000115],[-72.53096799997107,42.42885300027634],[-72.54419900012661,42.42715000015056],[-72.57591700004593,42.42325599979443],[-72.5811030002323,42.42257899989436],[-72.58558499971365,42.42314400008639],[-72.62231499974206,42.41510799991379],[-72.66913799958563,42.409711000066466],[-72.7043920002286,42.405550000080225],[-72.70087700031966,42.45292000019187],[-72.7577579998183,42.44588300031995],[-72.7571100000881,42.452412999964324],[-72.76593699968177,42.45168100011379],[-72.76511400004938,42.45588400029962],[-72.75911100007843,42.45649399982032],[-72.7582869997228,42.46092600017506],[-72.76429999973952,42.46015600018878],[-72.76379199975142,42.46366500023934],[-72.77360099988444,42.46554000020558],[-72.77332899989787,42.466782000287566],[-72.83149400005965,42.47699799971123],[-72.8315660000297,42.476376000281746],[-72.85563300016513,42.480919999704184],[-72.87113599957432,42.48404099978091],[-72.8751550001717,42.507249000140014],[-72.87031999961464,42.525149999837225],[-72.87546099959515,42.52589700011071],[-72.87665800021968,42.5317330003201],[-72.87684900001538,42.541197000175295],[-72.97540899990233,42.55603700008911],[-72.97903599996424,42.54161700023148],[-72.96858300029896,42.54001200031674],[-72.97928399966136,42.49785700032891],[-72.98647300038618,42.46670599985285],[-72.98812600022197,42.46694700023373],[-72.99264299986342,42.449094000302146],[-73.00908500015427,42.38773400030696],[-73.01168299982116,42.37968300003929],[-73.06577200038247,42.38911100020036],[-73.0685080001416,42.38071999986579],[-73.06428799970276,42.33973199997209],[-73.06288599993715,42.328950999800895],[-73.05676599979031,42.32594499992876],[-73.05265599985464,42.324288999942596],[-73.04901600027225,42.32141799975537],[-73.046674999625,42.32074499968992],[-73.04544500028682,42.31939600027819],[-73.04075200001996,42.32018299976616],[-73.0396289999136,42.31863100005591],[-73.03895400041924,42.31495500019078],[-73.03612700042348,42.313561999725714],[-73.03416300024307,42.31212000001425],[-73.03128199982064,42.3093019997337],[-73.02939800000618,42.308568000081166],[-73.02614099984012,42.308014000310706],[-73.0250699996123,42.30909299981178],[-73.02207299973722,42.30950500013784],[-73.02014600026507,42.30825900014018],[-73.0182409996359,42.30900499981188],[-73.01685800013686,42.3110889999537],[-73.01432999989186,42.309036999765745],[-73.01274200035341,42.30676700018391],[-73.01024900026849,42.30468199991135],[-73.00661100033592,42.30479399972969],[-73.00535400033527,42.305199999726064],[-73.00580899972162,42.30647100011221],[-73.00371400001998,42.30772900027188],[-73.0033299998804,42.30978499978135],[-73.00219300042868,42.310239000157786],[-73.00190899984823,42.311785000301676],[-73.00027799975376,42.312596999837666]]]}},{"type":"Feature","properties":{"id":"25017","name":"Free City of Middlesex","region":"Greater Boston and the North Shore","color":"#638449","label":[-71.29070366082723,42.45588251132397],"displayName":"Free City of Middlesex","kind":"region","canon":true,"culture":"Greater Boston and the North Shore","summary":"Example county entry. Modern Census county boundaries provide a geographic reference; titles and heraldry are fictional placeholders.","flag":"assets/flags/placeholder-county.svg","shield":"assets/placeholder-arms.svg","labelMinZoom":6},"geometry":{"type":"Polygon","coordinates":[[[-71.89877002908122,42.71142188239777],[-71.89710300025565,42.70372799981847],[-71.86977800012922,42.68364700011791],[-71.86575100003422,42.68411100019909],[-71.86375400024187,42.67955099983398],[-71.85775700011868,42.674981999678174],[-71.85639299998789,42.66764299993177],[-71.85848299966668,42.6338150000246],[-71.84484300015554,42.63798499998761],[-71.77532499980491,42.636662999893936],[-71.7757549999752,42.64423000011924],[-71.73225700006977,42.631453999900415],[-71.6646009997923,42.61159800028744],[-71.67769100038083,42.539410999907055],[-71.67896900029787,42.530430000205655],[-71.63586899987739,42.52402400021863],[-71.63893799972244,42.52878299998439],[-71.63920600040937,42.5309569996737],[-71.63664999967696,42.5331270002803],[-71.6358849997709,42.54000099981164],[-71.63401100000218,42.54087599987756],[-71.63201699968455,42.54451800029216],[-71.62847500001143,42.54800099975443],[-71.62512599978388,42.5500989998023],[-71.61992700007703,42.55250199998665],[-71.6078519996398,42.545379999670516],[-71.60228999970981,42.54520399987069],[-71.59462399985733,42.54337800030135],[-71.59112400001702,42.54450399981705],[-71.58855899996207,42.546295000027634],[-71.58028700021218,42.55046700010239],[-71.53878000025131,42.54302999973795],[-71.53137700016458,42.52035200021054],[-71.52984099960635,42.51984100023928],[-71.5327179998308,42.51465000007036],[-71.53485500026356,42.513330000084274],[-71.56036699982232,42.474349999950306],[-71.54339399997716,42.466451999753176],[-71.55909999977592,42.41194299967993],[-71.58525999996321,42.4070970000777],[-71.60425100041547,42.39770300033152],[-71.58018599992987,42.38697600002919],[-71.60775899975339,42.370021999773584],[-71.60306499966161,42.36726699969545],[-71.61000699961593,42.35740300010843],[-71.62470200035966,42.35046499977745],[-71.62582499956768,42.349724000171456],[-71.6206579996479,42.34524899993501],[-71.61825999999755,42.34258899975479],[-71.61152899993043,42.33899300001125],[-71.60409900007951,42.33676900023317],[-71.6035910000914,42.33167600007629],[-71.60526599966848,42.330160000034795],[-71.60188499965386,42.32697100006081],[-71.59736299998951,42.32101599989805],[-71.59250200039149,42.31790100027156],[-71.58520999973449,42.31095200020605],[-71.56908499963606,42.32037299975837],[-71.55112599995188,42.3263949998213],[-71.51652699961011,42.33033599985543],[-71.5082160004005,42.3279279999465],[-71.48679700016065,42.330189000103246],[-71.48510900016477,42.323163999686685],[-71.48635000027191,42.310449000049545],[-71.49704599961143,42.289829000021776],[-71.50588200032423,42.27293800004378],[-71.50592800035498,42.26657800009482],[-71.50647800017589,42.264276000303724],[-71.5089849996062,42.264485999904906],[-71.51054000043099,42.26622700019257],[-71.51388200008756,42.267584999729564],[-71.51822100035209,42.2677150001492],[-71.52217800012691,42.266454000256005],[-71.5249309996045,42.265905000103245],[-71.52799500032503,42.26652500026328],[-71.53225500004854,42.26610599981304],[-71.53393700019662,42.26526600018197],[-71.53801100014729,42.26456299991583],[-71.53963200019602,42.26279299968645],[-71.54169199973757,42.263965999898986],[-71.54461800036584,42.264476000034755],[-71.54794900015176,42.265937000020585],[-71.55011499999853,42.26602300005027],[-71.55241200026485,42.26743099968328],[-71.5565840001248,42.26813399987655],[-71.56456399979668,42.266865999680036],[-71.58675899981321,42.25954499994535],[-71.5993179999491,42.22595900022806],[-71.60222100011283,42.218101000046964],[-71.58290999999343,42.19555900004384],[-71.57154799958374,42.194652999976554],[-71.57227099965701,42.192732999683],[-71.55678199959321,42.19245000008573],[-71.55581699967061,42.18984300031524],[-71.55644699985746,42.18661400008565],[-71.55506699983314,42.18447599997456],[-71.55573800002789,42.18250300022208],[-71.53927700036877,42.189730000186266],[-71.50689400010252,42.18892700031357],[-71.50262599998308,42.19141599975679],[-71.49737799987243,42.166643000142116],[-71.49313599969227,42.16620999986003],[-71.47802699957008,42.165870999992656],[-71.47811899963159,42.156782000179646],[-71.47274400019765,42.156873000259104],[-71.4640049995692,42.15819899969981],[-71.44406699963601,42.174888999863434],[-71.43017400040489,42.17938600017628],[-71.42373000039295,42.179252999871174],[-71.42354999956959,42.17813099970273],[-71.40229500025957,42.17879399981802],[-71.40442699977116,42.18843300014387],[-71.38476500002248,42.192013999764434],[-71.37839100033074,42.19347199970011],[-71.36198599984982,42.19576099988507],[-71.34417000028077,42.200703000206886],[-71.34681499980333,42.20355699985343],[-71.34654100016695,42.20464100006256],[-71.35069999960812,42.205782999914824],[-71.3521559998004,42.20737099994613],[-71.35147899975787,42.21154599974777],[-71.34998300028093,42.213951000152086],[-71.34680999978048,42.215588999971445],[-71.33995400003988,42.21387300024161],[-71.3385050004186,42.215229999982114],[-71.33862300041939,42.21689399975112],[-71.34096599981815,42.21810800017979],[-71.34316600000011,42.220612999989505],[-71.34165700010438,42.221921999845456],[-71.3410119998489,42.224472000058576],[-71.33674600027763,42.227493000060825],[-71.33358100017306,42.23039699969343],[-71.33173099979548,42.231437000239694],[-71.32969499964506,42.23332800017305],[-71.33118500017252,42.23758499968287],[-71.33077699974353,42.2410510001204],[-71.32977199963794,42.24259299988801],[-71.3294360000773,42.245301999739176],[-71.33243399977727,42.24772899976769],[-71.33249599970155,42.24907500021441],[-71.30292199988769,42.24827400013628],[-71.30846000042655,42.27070899997215],[-71.32366200043518,42.297415000234594],[-71.32974999989665,42.31299099969098],[-71.32732700013193,42.31374600003279],[-71.2917930000048,42.32260200011538],[-71.26995799983835,42.32808600024493],[-71.2656870002442,42.32724200001746],[-71.26309200005204,42.326052000070966],[-71.2589989998348,42.326341000296395],[-71.25739600022774,42.32448200018176],[-71.25459400034633,42.32528600019292],[-71.2529370003126,42.32675599986998],[-71.24918999970178,42.32363800008607],[-71.2467989997241,42.32106100010395],[-71.24078900008044,42.320897999987636],[-71.23878600044033,42.32179899995089],[-71.23442000041159,42.320809000263445],[-71.23114399997895,42.32084100019372],[-71.22872700006202,42.31927799998664],[-71.2275429998563,42.31539999976057],[-71.22628599985563,42.31411700021831],[-71.22706800037847,42.312397999802144],[-71.22631099997001,42.3102840000987],[-71.22668800043688,42.308249999732176],[-71.22410999996315,42.30729999969667],[-71.22050800001557,42.30640700023688],[-71.21818999983284,42.30679599974126],[-71.21327499980814,42.30616099998589],[-71.21128899988642,42.30310600022787],[-71.21156500007095,42.29973000033073],[-71.20788100010762,42.29715700006446],[-71.20634999957225,42.294266999815186],[-71.2052399998847,42.28956800030977],[-71.20297500030374,42.28857400014627],[-71.20159000025656,42.28863300019272],[-71.19673200013327,42.28607800028796],[-71.19579300014992,42.286195999684566],[-71.19526800044336,42.28796499985056],[-71.19321999969907,42.28801399967969],[-71.19088599962281,42.28582300007105],[-71.19124700019616,42.28299200014549],[-71.17863600018173,42.29459500010272],[-71.1647020000444,42.303830000180525],[-71.16642000017751,42.30474700009117],[-71.16980000036723,42.30760700002641],[-71.17893499993247,42.314316000132884],[-71.1717200001667,42.319490000228235],[-71.17048499990736,42.32153799990896],[-71.16734800029019,42.32264100028673],[-71.15703600019192,42.33038999993565],[-71.16091699979873,42.333638999696454],[-71.16273200001622,42.333961000238524],[-71.16756500002516,42.33344099988506],[-71.16888599959994,42.33582600009328],[-71.16893599982863,42.33844899990389],[-71.16669899983677,42.34000899996137],[-71.17479800023261,42.35026500019438],[-71.17393500041725,42.353396999855626],[-71.16762500029964,42.36007300002088],[-71.16388799973454,42.35852300018633],[-71.16150799962753,42.3589720002841],[-71.15974600001181,42.35978099981022],[-71.15447500033494,42.36003599982148],[-71.14833199972357,42.36111899987279],[-71.14717000015749,42.3617539998949],[-71.14449200012463,42.36482200028019],[-71.14366699994412,42.36508100007451],[-71.13989199974421,42.364440000267194],[-71.13665800004266,42.36675199980832],[-71.13237300020481,42.368891000179495],[-71.13176200028452,42.36986399998663],[-71.13317900011874,42.37233800014367],[-71.13099700037847,42.3738920000403],[-71.12820299999467,42.3735719998409],[-71.12320400030437,42.368937999688484],[-71.11895999957608,42.36876000002078],[-71.11722999974741,42.36736699972535],[-71.11659700008582,42.3591849998427],[-71.1171650003484,42.3569969997143],[-71.11685200035394,42.35538499997433],[-71.11319599997971,42.35311000002737],[-71.11035800011331,42.35258600023082],[-71.10431599978426,42.35240299978185],[-71.09789000021401,42.35311999976812],[-71.09123500031488,42.35433799984704],[-71.0779520002808,42.35873500025381],[-71.07609199985748,42.36037999974062],[-71.07479200019911,42.363773000203246],[-71.06947799996624,42.369045999867424],[-71.06405900015137,42.36900100014732],[-71.06711499957765,42.37181599969719],[-71.07246599962048,42.3726579999939],[-71.0756569996643,42.380196000061055],[-71.08070099956045,42.381039000144526],[-71.08093200043744,42.38213300016485],[-71.07942799966625,42.38331999983224],[-71.07349599984042,42.39179599991712],[-71.07269599977424,42.39079599993487],[-71.06932200033063,42.3940219999726],[-71.06694399987344,42.394754999724725],[-71.06708199996571,42.394049999983714],[-71.07069599960883,42.38959600015701],[-71.07089599962536,42.388996000290305],[-71.06569500026873,42.38659599986992],[-71.0573950000314,42.38729700015948],[-71.05529500030688,42.387096999708845],[-71.05069499992644,42.39199599999203],[-71.05000199999041,42.39347099993671],[-71.0532969997913,42.396178000101834],[-71.0519450002544,42.39761899984302],[-71.04814499994013,42.396633999932206],[-71.04056799977609,42.40198199989815],[-71.03562900036025,42.409640999908994],[-71.03344199969878,42.413380000240785],[-71.0310859998812,42.41878200032227],[-71.0282270000984,42.42420200002705],[-71.0203770001229,42.43825000020152],[-71.02583600012075,42.44470900024204],[-71.05421400003333,42.476902999751026],[-71.05262899996961,42.48605699993465],[-71.05025200023566,42.48653299998567],[-71.04520900016442,42.488719999781786],[-71.03990800035034,42.495948999928174],[-71.04208699971757,42.49827099970898],[-71.04377399988853,42.50119900005998],[-71.04222900000778,42.50234299988077],[-71.03872099977156,42.50271999984948],[-71.03583900042256,42.50519200022642],[-71.03490000043921,42.506757999833084],[-71.03694599973704,42.51042100013049],[-71.03655599974971,42.512434999789605],[-71.03948300020288,42.51453599985321],[-71.03830200037022,42.516262000315],[-71.04010800036686,42.51723700006585],[-71.04098899972557,42.51984700016472],[-71.0409129995576,42.521718000012484],[-71.03859899957283,42.523960000186975],[-71.04098299987781,42.52626199975297],[-71.0575130000322,42.52417299969691],[-71.0583800000455,42.52362099999153],[-71.06067300011388,42.52522699979709],[-71.06196299972649,42.524298999867085],[-71.06726699991363,42.524982999761505],[-71.07515000039942,42.53103500000735],[-71.07097799964113,42.55588899972104],[-71.06493700003533,42.56211600004096],[-71.05704000020417,42.57401900003506],[-71.05300600043647,42.57299400021932],[-71.05277200008474,42.57137200015115],[-71.05187300028437,42.57211500018609],[-71.04975299957005,42.571090999779344],[-71.04468100008482,42.572949000028544],[-71.04428100005173,42.573877000009915],[-71.0415319998738,42.5734899997444],[-71.04009800032112,42.57158899974619],[-71.03766299996254,42.571164000233104],[-71.03666500042796,42.57164900019909],[-71.03546000030585,42.570259000135586],[-71.02831199958891,42.574082000138276],[-71.0339980002658,42.585493000029125],[-71.0593519996408,42.60632699988245],[-71.05876599983489,42.60907700017872],[-71.07616700020056,42.60413600021109],[-71.12135999977457,42.60028000004559],[-71.13545600029359,42.59911600018401],[-71.14120300017152,42.60320699990616],[-71.14319699959084,42.60403900027894],[-71.14594199957082,42.60833499995862],[-71.14865300011394,42.6131680003213],[-71.15441900025844,42.61526800000054],[-71.15656400018881,42.61497700018872],[-71.15861700005767,42.612947999883836],[-71.15951699968295,42.60765899976245],[-71.16066699955348,42.60531799978009],[-71.16390899965094,42.601851999913336],[-71.16487899959641,42.59802099981378],[-71.18134900037467,42.608373000049205],[-71.17749499963371,42.60895800017094],[-71.17838799958629,42.61079900016135],[-71.17611600033263,42.61461100013722],[-71.17296000044891,42.61501200017666],[-71.17175799980153,42.616544999918375],[-71.17621300041701,42.61872400006086],[-71.22926099998939,42.64420699976554],[-71.25618799973256,42.65714500016152],[-71.25496599989201,42.65777500025482],[-71.25171600029697,42.660332000146475],[-71.25011199996666,42.66098700005875],[-71.24417199974488,42.66151399979871],[-71.24248999959678,42.662345999910904],[-71.24039700044328,42.66673000020985],[-71.23817899981967,42.669419000166386],[-71.23843400008778,42.67076300012058],[-71.25123599989794,42.721222000227314],[-71.25519877045011,42.73663834390605],[-71.2556050002997,42.73638900015584],[-71.2679049999695,42.72589000003168],[-71.2789290002704,42.71125800028154],[-71.2942049998989,42.69698999974775],[-71.33020600000626,42.69719000028686],[-71.35187399976809,42.69815400029413],[-71.43233569732143,42.70006077604099],[-71.48810102157653,42.701382299237785],[-71.56730927825438,42.703259371411264],[-71.63621399965886,42.70488799973257],[-71.70139166035689,42.706314614014204],[-71.74581700011326,42.70728700028616],[-71.82380247451795,42.70939523373165],[-71.89877002908122,42.71142188239777]]]}},{"type":"Feature","properties":{"id":"25019","name":"Principality of Nantucket","region":"Cape Cod and the Islands","color":"#92816d","label":[-70.01912731569325,41.31473347131208],"displayName":"Principality of Nantucket","kind":"region","canon":true,"culture":"Cape Cod and the Islands","summary":"Example county entry. Modern Census county boundaries provide a geographic reference; titles and heraldry are fictional placeholders.","flag":"assets/flags/placeholder-county.svg","shield":"assets/placeholder-arms.svg","labelMinZoom":6},"geometry":{"type":"MultiPolygon","coordinates":[[[[-70.27665299986003,41.31128300020208],[-70.27299900003392,41.31087200006416],[-70.27105099974706,41.31123800008182],[-70.26751999994461,41.31119199994178],[-70.26294999970139,41.31145199986657],[-70.25347700002735,41.308640999703755],[-70.24655199979148,41.306185999808086],[-70.24281000010183,41.3033840003227],[-70.24187500031645,41.29980099974644],[-70.24024900024486,41.2973999997883],[-70.23981599970149,41.295822999672495],[-70.24249499955924,41.29422200000334],[-70.24328700012781,41.293124000171204],[-70.24261699975798,41.29056199978752],[-70.24273899995671,41.2891900000854],[-70.24432200037062,41.288138000168544],[-70.24766999987496,41.288641000293865],[-70.25254100041705,41.29303300021576],[-70.25595099984568,41.29495399997274],[-70.25966499994624,41.29600599999292],[-70.26155299995865,41.29765300001952],[-70.26861600028677,41.30177000028088],[-70.27665299986003,41.308631000099204],[-70.27726200013049,41.31050600001601],[-70.27665299986003,41.31128300020208]]],[[[-70.21503999973648,41.27958100002169],[-70.21171200032362,41.27565099969086],[-70.20172999993822,41.27654400028871],[-70.19388599981049,41.28029499999772],[-70.19174699972793,41.28654600014489],[-70.19578800006664,41.290654000118685],[-70.20220500031436,41.28797500019914],[-70.20743400015844,41.28868900013532],[-70.20569199973588,41.291245999704],[-70.19911499965457,41.296190000018726],[-70.19341100033267,41.29672599968851],[-70.18699099971188,41.29451300026671],[-70.12446000041972,41.29385099971469],[-70.1096130002383,41.29537899974855],[-70.10441500035638,41.29732699997663],[-70.09214199955242,41.29774099969385],[-70.0820720002018,41.299093000319125],[-70.06256500026382,41.308725999991864],[-70.0460879998129,41.32165099973333],[-70.03133199986809,41.33933199998435],[-70.02442099987593,41.36062200014404],[-70.02403099988857,41.36861300027602],[-70.03036299974751,41.375070000255654],[-70.03464099991267,41.37899399991454],[-70.04151699974474,41.38153900004253],[-70.04558599967255,41.38359799981065],[-70.04956400026207,41.38789999977531],[-70.04905299990088,41.39170200029575],[-70.04274000030853,41.38931100007594],[-70.03737099982406,41.38406599977481],[-70.02038000043554,41.36900600022858],[-69.97518536413108,41.30112343590636],[-69.96027700003262,41.27873099979903],[-69.96018099977317,41.26454599992255],[-69.96412900022543,41.2553819998548],[-69.96808799965005,41.250977999972235],[-69.9749829997487,41.2465279998963],[-70.00160300024352,41.23991600019396],[-70.01522500021133,41.23796399972363],[-70.053179999555,41.24402599985857],[-70.08348900003602,41.24477499973992],[-70.09240400039155,41.24331999985893],[-70.09786099984126,41.24114899980909],[-70.10049500039149,41.24055300022293],[-70.11866900016082,41.24235099987083],[-70.17035599997548,41.25742800020587],[-70.22133999980835,41.277038999948324],[-70.23714400041476,41.2851169998451],[-70.23405399975493,41.28565300004422],[-70.22121900033285,41.28190300022448],[-70.21503999973648,41.27958100002169]]],[[[-70.30431899956999,41.33841999970824],[-70.29720400026164,41.33768100028979],[-70.29202700029612,41.3377880000247],[-70.28971900015912,41.33632300028325],[-70.28932499997383,41.33502199974489],[-70.29085999980882,41.33366299996743],[-70.29649000040921,41.3334260002745],[-70.30251299957334,41.33259800012014],[-70.30700099980079,41.3323909999548],[-70.30924500036369,41.33457899994382],[-70.30810399981566,41.3376830001289],[-70.30431899956999,41.33841999970824]]]]}},{"type":"Feature","properties":{"id":"25021","name":"Duchy of Norfolk","region":"Greater Boston and the North Shore","color":"#a44f43","label":[-71.21708861065134,42.14638540633697],"displayName":"Duchy of Norfolk","kind":"region","canon":true,"culture":"Greater Boston and the North Shore","summary":"Example county entry. Modern Census county boundaries provide a geographic reference; titles and heraldry are fictional placeholders.","flag":"assets/flags/placeholder-county.svg","shield":"assets/placeholder-arms.svg","labelMinZoom":6},"geometry":{"type":"MultiPolygon","coordinates":[[[[-71.47811899963159,42.156782000179646],[-71.47274400019765,42.156873000259104],[-71.4640049995692,42.15819899969981],[-71.44406699963601,42.174888999863434],[-71.43017400040489,42.17938600017628],[-71.42373000039295,42.179252999871174],[-71.42354999956959,42.17813099970273],[-71.40229500025957,42.17879399981802],[-71.40442699977116,42.18843300014387],[-71.38476500002248,42.192013999764434],[-71.37839100033074,42.19347199970011],[-71.36198599984982,42.19576099988507],[-71.34417000028077,42.200703000206886],[-71.34681499980333,42.20355699985343],[-71.34654100016695,42.20464100006256],[-71.35069999960812,42.205782999914824],[-71.3521559998004,42.20737099994613],[-71.35147899975787,42.21154599974777],[-71.34998300028093,42.213951000152086],[-71.34680999978048,42.215588999971445],[-71.33995400003988,42.21387300024161],[-71.3385050004186,42.215229999982114],[-71.33862300041939,42.21689399975112],[-71.34096599981815,42.21810800017979],[-71.34316600000011,42.220612999989505],[-71.34165700010438,42.221921999845456],[-71.3410119998489,42.224472000058576],[-71.33674600027763,42.227493000060825],[-71.33358100017306,42.23039699969343],[-71.33173099979548,42.231437000239694],[-71.32969499964506,42.23332800017305],[-71.33118500017252,42.23758499968287],[-71.33077699974353,42.2410510001204],[-71.32977199963794,42.24259299988801],[-71.3294360000773,42.245301999739176],[-71.33243399977727,42.24772899976769],[-71.33249599970155,42.24907500021441],[-71.30292199988769,42.24827400013628],[-71.30846000042655,42.27070899997215],[-71.32366200043518,42.297415000234594],[-71.32974999989665,42.31299099969098],[-71.32732700013193,42.31374600003279],[-71.2917930000048,42.32260200011538],[-71.26995799983835,42.32808600024493],[-71.2656870002442,42.32724200001746],[-71.26309200005204,42.326052000070966],[-71.2589989998348,42.326341000296395],[-71.25739600022774,42.32448200018176],[-71.25459400034633,42.32528600019292],[-71.2529370003126,42.32675599986998],[-71.24918999970178,42.32363800008607],[-71.2467989997241,42.32106100010395],[-71.24078900008044,42.320897999987636],[-71.23878600044033,42.32179899995089],[-71.23442000041159,42.320809000263445],[-71.23114399997895,42.32084100019372],[-71.22872700006202,42.31927799998664],[-71.2275429998563,42.31539999976057],[-71.22628599985563,42.31411700021831],[-71.22706800037847,42.312397999802144],[-71.22631099997001,42.3102840000987],[-71.22668800043688,42.308249999732176],[-71.22410999996315,42.30729999969667],[-71.22050800001557,42.30640700023688],[-71.21818999983284,42.30679599974126],[-71.21327499980814,42.30616099998589],[-71.21128899988642,42.30310600022787],[-71.21156500007095,42.29973000033073],[-71.20788100010762,42.29715700006446],[-71.20634999957225,42.294266999815186],[-71.2052399998847,42.28956800030977],[-71.20297500030374,42.28857400014627],[-71.20159000025656,42.28863300019272],[-71.19673200013327,42.28607800028796],[-71.19579300014992,42.286195999684566],[-71.19526800044336,42.28796499985056],[-71.19321999969907,42.28801399967969],[-71.19088599962281,42.28582300007105],[-71.19124700019616,42.28299200014549],[-71.19075299955342,42.28184000019841],[-71.18821199978792,42.280437999690086],[-71.18530699997437,42.279496999961644],[-71.18315899967097,42.27591299994497],[-71.17746100019683,42.27686799988104],[-71.17497200030988,42.27600400000872],[-71.17441800029101,42.27504199980902],[-71.1748469997381,42.273729000206934],[-71.1729529998779,42.27029800016667],[-71.17460900008672,42.268372999888896],[-71.17415399980206,42.26702100025556],[-71.17154100006654,42.26614200026887],[-71.16860399956761,42.263160000089606],[-71.15858400044571,42.25515499991583],[-71.15211799979416,42.2582469999516],[-71.14664200007788,42.25575500022505],[-71.14268100010513,42.23599800013551],[-71.13074899978304,42.22791099985859],[-71.12741999964693,42.23117600016351],[-71.12547700028125,42.231881999904296],[-71.12458699980341,42.234011999690225],[-71.12260199970662,42.23451500031794],[-71.12637699990651,42.23916199999546],[-71.10934700015994,42.247989999877696],[-71.10954399980342,42.255411999892736],[-71.1132599995538,42.25892600023025],[-71.11146000030327,42.26076900031752],[-71.10840499980355,42.261115999730265],[-71.10500100022271,42.2608039999195],[-71.10367200025203,42.259723000281916],[-71.09748299960991,42.26308900028155],[-71.09390800032484,42.26713999991985],[-71.0902579997984,42.26663899977054],[-71.08940300037895,42.26968999980649],[-71.08276100000032,42.26863400032191],[-71.07649199989056,42.27050900007322],[-71.0732640000368,42.270317000291165],[-71.07204399984609,42.27081700003922],[-71.06813999977473,42.27099999987819],[-71.06781500008472,42.271396000271764],[-71.0650969998689,42.27065900022307],[-71.064695000186,42.26860700005216],[-71.06218899968229,42.26715900033151],[-71.05383599974157,42.27169899986468],[-71.0534940003331,42.27245799970997],[-71.05557499979105,42.27505199999718],[-71.05328400027082,42.277502000271106],[-71.04980199997385,42.278100000012216],[-71.04488000027645,42.27626599975047],[-71.04278200020175,42.277101999746556],[-71.04159399979807,42.278098000071445],[-71.04049400015624,42.281898000327715],[-71.03929300023209,42.283798999798826],[-71.03812712263891,42.2847150473095],[-71.03726399975436,42.28414400029633],[-71.03281200041023,42.286296999916175],[-71.03210799970522,42.28856500024694],[-71.03337300010179,42.290035999872174],[-71.03904999965953,42.30013800033177],[-71.03679699977411,42.30139199974121],[-71.03039399977007,42.300495999689204],[-71.02583699994565,42.299698000297],[-71.02329700000509,42.29794799985265],[-71.02336700032528,42.294473999699186],[-71.02152299979548,42.294346000079095],[-71.01425100012828,42.30057300022044],[-71.01390299997374,42.30342900015347],[-71.01080700036448,42.304510000277],[-71.00910199975186,42.30225499968493],[-71.00130899967776,42.30345500021936],[-70.99490800022186,42.30538499976595],[-70.99047000022311,42.30802300008813],[-70.9874280001422,42.30608000021146],[-70.99024599991714,42.304072999903525],[-71.00520600007641,42.30059900013694],[-71.00610999989965,42.29712500005208],[-71.00461600007253,42.29448099999793],[-71.01276899999675,42.290187000171834],[-71.02020999971833,42.29049500032105],[-71.02231000034116,42.28818800013467],[-71.01613800031579,42.27983800031781],[-70.99834100011502,42.27240899974722],[-70.99600200001588,42.26683699968444],[-70.98527800018897,42.264347000104685],[-70.98071399979352,42.26531799990161],[-70.97335699973753,42.26300900016791],[-70.9648849999711,42.26897200028286],[-70.9562190000359,42.27079399972038],[-70.95410500006768,42.274793000262115],[-70.95572399956828,42.27941899996585],[-70.95489400026318,42.28046599980932],[-70.95318600017583,42.279854000065086],[-70.94928399975429,42.27420500003821],[-70.95044899969344,42.26730000019822],[-70.95217299967433,42.26406199989558],[-70.95118500018549,42.26126600029156],[-70.9518029997785,42.26055799972179],[-70.95936099967592,42.262597000135806],[-70.96211099967879,42.26073699977157],[-70.96380299987263,42.26092200010619],[-70.96542899994422,42.259689999940015],[-70.96581100043396,42.25776500019207],[-70.96020400029812,42.2557710001019],[-70.95838999990553,42.25668700024927],[-70.95727000017224,42.2549880000343],[-70.96018599985644,42.2518770001007],[-70.96240199993193,42.248354000324795],[-70.96212699957232,42.246413000093874],[-70.95949499957023,42.24532799985615],[-70.95745699976999,42.24733899976159],[-70.95536799991612,42.24738799992547],[-70.94317200000337,42.252102999913745],[-70.93616399992685,42.25681799984565],[-70.92722699983,42.25738100020501],[-70.92483000000456,42.263339000065535],[-70.92589700003441,42.26917000018122],[-70.9182360002048,42.27186100001035],[-70.9094210003067,42.268285999947594],[-70.90828590887662,42.2647153303575],[-70.90899000031146,42.264398999917574],[-70.91739000010789,42.263898999787045],[-70.91819099999896,42.26009999984],[-70.91708100031138,42.255599999877504],[-70.91931999995309,42.25470300007519],[-70.93243499975766,42.25264400022518],[-70.93349099991687,42.24999999995509],[-70.93119100017582,42.24860000025234],[-70.93128999991002,42.244299000040805],[-70.92959100004347,42.24270000003528],[-70.92578999990428,42.23680000007247],[-70.92238999962309,42.22929999980435],[-70.92375100027914,42.22805500030325],[-70.92349000016321,42.22590000005298],[-70.92209000004743,42.22529999983096],[-70.92048999991509,42.22579999996851],[-70.91633399994868,42.225718000180166],[-70.914744999687,42.2251150001201],[-70.92487699986022,42.15758000031203],[-70.98127000036052,42.135511000054066],[-71.00215200029993,42.12730400027116],[-71.00197400002473,42.126525999706196],[-71.02185900025445,42.1187450001319],[-71.06125600044506,42.10319400014799],[-71.08048300000056,42.09553900017082],[-71.13860700015444,42.07277499988291],[-71.16868099956051,42.06116099981539],[-71.2423640000984,42.03239499984042],[-71.28826499967708,42.01446199969678],[-71.36434400021552,41.985293000030936],[-71.3814657107661,41.98508431988917],[-71.3814009997263,42.01879799978009],[-71.42435692295163,42.01821802426479],[-71.49825830124017,42.017220233203304],[-71.49816700006797,42.024669999674785],[-71.49790099992916,42.03151299998152],[-71.49825999995437,42.031590000313834],[-71.4983059999851,42.05819599975843],[-71.49823599966491,42.08856299982891],[-71.49812699988497,42.09341500028416],[-71.49553000004299,42.099961999838634],[-71.49693000015877,42.102356999960165],[-71.49968900038247,42.10348999973487],[-71.5012250000424,42.10594499983051],[-71.50059900005348,42.10745699996652],[-71.50307799989471,42.11028500016142],[-71.50126299967722,42.11168500008601],[-71.50139300027188,42.116677000279765],[-71.48988100007435,42.124734000146354],[-71.47852200003771,42.13137799992416],[-71.47811899963159,42.156782000179646]]],[[[-70.82466072398167,42.26593464603018],[-70.81174199977845,42.26293499988931],[-70.7887240001295,42.25392000004593],[-70.78677800039077,42.250870999669736],[-70.7844019995834,42.248583999886165],[-70.78146192325295,42.248718019285356],[-70.78482099988305,42.24629899992756],[-70.786724999789,42.24254999987089],[-70.7890410003219,42.24017000008904],[-70.78661699983397,42.239571999668385],[-70.78335399982012,42.24051399974505],[-70.78394100034927,42.237646999751135],[-70.78197299997092,42.23643200027217],[-70.7845139997364,42.23469300012719],[-70.78677099981975,42.234041000148714],[-70.78867999974857,42.23259700030606],[-70.78788300005546,42.22910000027107],[-70.78552300003994,42.22946399994659],[-70.78555700037512,42.226345000171044],[-70.78481400021037,42.22588099984953],[-70.78893699966653,42.22547500026302],[-70.78914199970595,42.22280799974174],[-70.82701499993219,42.20078600006893],[-70.8408000001066,42.21311799990783],[-70.8533800001589,42.23960699972791],[-70.84115199956078,42.24334599986032],[-70.84124100014758,42.24454599999108],[-70.84927699989589,42.24733100008405],[-70.84822699958448,42.25024600011301],[-70.84893700013725,42.25213999977068],[-70.84729000014927,42.25410099969373],[-70.84462700018504,42.26042599999838],[-70.84062699985424,42.26098900005754],[-70.83864400030556,42.263498000148985],[-70.83623700043438,42.26466400025376],[-70.82698599961988,42.264367999740266],[-70.82466072398167,42.26593464603018]]],[[[-71.15703600019192,42.33038999993565],[-71.1498530002132,42.334634999777194],[-71.15010400028336,42.335281999814484],[-71.14829499991366,42.3358069998064],[-71.14726600041693,42.33720099988187],[-71.14615599983107,42.337442000199346],[-71.1462150002806,42.33863199980742],[-71.14421199974215,42.34002199974391],[-71.14175399981734,42.34039600030492],[-71.14129799970776,42.34106999993162],[-71.13515499999473,42.34602300012919],[-71.1333809997851,42.34712199992309],[-71.12872799970121,42.349462999815735],[-71.1261340002323,42.35032700030579],[-71.1228550003249,42.351860999777465],[-71.1065700003929,42.34991200024714],[-71.10721300010024,42.34704900005764],[-71.10551599988351,42.343811999679566],[-71.1082249998785,42.342271999969164],[-71.11059699958959,42.34040500009929],[-71.11155099964154,42.337298999896454],[-71.11075099957536,42.336168000291],[-71.1114130004476,42.33452500007776],[-71.11327100032277,42.33221700001281],[-71.1145469996917,42.328371999918765],[-71.11556299966793,42.326779999875164],[-71.11653699981136,42.323939000321374],[-71.1195389997093,42.32274499996125],[-71.12152800000406,42.32388199996144],[-71.12371099956925,42.3227159997819],[-71.13186299966856,42.31317800024029],[-71.13650200040706,42.306203999807444],[-71.14013500031676,42.30214699968436],[-71.1468830001023,42.29727999996065],[-71.15211299977128,42.29458799981659],[-71.1647020000444,42.303830000180525],[-71.16642000017751,42.30474700009117],[-71.16980000036723,42.30760700002641],[-71.17893499993247,42.314316000132884],[-71.1717200001667,42.319490000228235],[-71.17048499990736,42.32153799990896],[-71.16734800029019,42.32264100028673],[-71.15703600019192,42.33038999993565]]]]}},{"type":"Feature","properties":{"id":"25023","name":"Lordship of Plymouth","region":"Southeastern Massachusetts","color":"#855788","label":[-70.86080909908281,41.96783076185618],"displayName":"Lordship of Plymouth","kind":"region","canon":true,"culture":"Southeastern Massachusetts","summary":"Example county entry. Modern Census county boundaries provide a geographic reference; titles and heraldry are fictional placeholders.","flag":"assets/flags/placeholder-county.svg","shield":"assets/placeholder-arms.svg","labelMinZoom":6},"geometry":{"type":"MultiPolygon","coordinates":[[[[-70.90828590887662,42.2647153303575],[-70.90751999987548,42.26230599999791],[-70.903881000118,42.26242499991961],[-70.89981700021308,42.26114999989763],[-70.89587299995874,42.26265699979161],[-70.89378400010487,42.2623160002123],[-70.89386000027287,42.26108499993321],[-70.89587899980653,42.25984600013506],[-70.89675099984272,42.257557000073774],[-70.89836699986857,42.257231999679014],[-70.89789300021565,42.256000999878665],[-70.89285699981711,42.253411999696],[-70.89002399997356,42.2491700001766],[-70.88426899969971,42.24554899975264],[-70.87775299971777,42.24841699989486],[-70.8755290001447,42.25686300006035],[-70.87876000037149,42.25896300007356],[-70.88280099981188,42.268110000111754],[-70.89016899973852,42.276199999750744],[-70.90205900022782,42.28041000022314],[-70.90323800041067,42.28133500024229],[-70.90152000027757,42.28269400016881],[-70.89397200042585,42.28147600029909],[-70.88470200024308,42.27778300029938],[-70.87828499999532,42.27831099972127],[-70.87947300039902,42.282002999772914],[-70.88303900036155,42.28815799983846],[-70.88684200015058,42.29255299993829],[-70.88731699962841,42.29765200017799],[-70.89325900039832,42.29870699979874],[-70.90395399991293,42.3016949999357],[-70.9103719999856,42.29905800019408],[-70.91558800030919,42.30246299980389],[-70.92344400013246,42.3023979999236],[-70.92392000033352,42.30503499996807],[-70.91748999966698,42.30568600028131],[-70.90755599986049,42.30788899979984],[-70.8958620000881,42.30593400011688],[-70.88945599971099,42.31048399996339],[-70.88268000033635,42.31039299988119],[-70.88124199968743,42.30066299993675],[-70.87087299968775,42.2856679998779],[-70.86180699971946,42.27596500018742],[-70.8510929999383,42.26826999992238],[-70.83107499963916,42.26742399970247],[-70.82466072398167,42.26593464603018],[-70.82698599961988,42.264367999740266],[-70.83623700043438,42.26466400025376],[-70.83864400030556,42.263498000148985],[-70.84062699985424,42.26098900005754],[-70.84462700018504,42.26042599999838],[-70.84729000014927,42.25410099969373],[-70.84893700013725,42.25213999977068],[-70.84822699958448,42.25024600011301],[-70.84927699989589,42.24733100008405],[-70.84124100014758,42.24454599999108],[-70.84115199956078,42.24334599986032],[-70.8533800001589,42.23960699972791],[-70.8408000001066,42.21311799990783],[-70.82701499993219,42.20078600006893],[-70.78914199970595,42.22280799974174],[-70.78893699966653,42.22547500026302],[-70.78481400021037,42.22588099984953],[-70.78555700037512,42.226345000171044],[-70.78552300003994,42.22946399994659],[-70.78788300005546,42.22910000027107],[-70.78867999974857,42.23259700030606],[-70.78677099981975,42.234041000148714],[-70.7845139997364,42.23469300012719],[-70.78197299997092,42.23643200027217],[-70.78394100034927,42.237646999751135],[-70.78335399982012,42.24051399974505],[-70.78661699983397,42.239571999668385],[-70.7890410003219,42.24017000008904],[-70.786724999789,42.24254999987089],[-70.78482099988305,42.24629899992756],[-70.78146192325295,42.248718019285356],[-70.77630700028382,42.24895300006712],[-70.77394399989527,42.25421399970638],[-70.76633800031723,42.25474199975374],[-70.76277300017959,42.25034299979805],[-70.76475699955316,42.24406200023752],[-70.7606829996025,42.24124100012709],[-70.76015799989597,42.2350349997342],[-70.75448800001091,42.22867299989509],[-70.74722999968911,42.22181600025657],[-70.7391450004353,42.219619000147176],[-70.73055999979265,42.21093999996476],[-70.72226899977619,42.207958999845395],[-70.71808900041862,42.20898499976852],[-70.7129929997456,42.20443100020147],[-70.71428599973127,42.19859799984444],[-70.71589500008443,42.195899000117095],[-70.71595000033602,42.19014499991598],[-70.71870700001158,42.18485299979047],[-70.71476100010746,42.176583999695836],[-70.71430099979989,42.16878300007694],[-70.70626400022665,42.16313700009898],[-70.68531500034008,42.133024999950635],[-70.66393100026035,42.108335999904476],[-70.64016899972341,42.08863299987679],[-70.63847999990263,42.0815790003262],[-70.64734900022742,42.07633099976829],[-70.64819000030145,42.06844100018496],[-70.64320800032961,42.05082100021756],[-70.6308600000809,42.03604499997212],[-70.62027699982097,42.027087000235696],[-70.61098300024709,42.01573700000714],[-70.5978919998336,42.00455000031707],[-70.60270399992618,42.00214400024991],[-70.61404600024437,42.00661199968975],[-70.62254200030027,42.00214200025255],[-70.63191899971483,41.99286400008723],[-70.63913699985366,41.99389499985609],[-70.64119899994336,42.005924999739086],[-70.63965499988751,42.01079599998296],[-70.6363869998508,42.01383000028562],[-70.63394999984237,42.0120319998137],[-70.63442600004345,42.00496799994216],[-70.62985699962515,42.00145600010804],[-70.62420500018177,42.006028000074245],[-70.61422299979638,42.011148999926604],[-70.61778799993401,42.01750699998649],[-70.64433700028374,42.045894999938255],[-70.65087400018209,42.0462469998519],[-70.65605399962236,42.042046999852744],[-70.66437300012622,42.041163999791515],[-70.66936000012096,42.03711599985641],[-70.67166599970982,42.02138999978818],[-70.66751200029151,42.012320000076095],[-70.67093400031402,42.00778600032088],[-70.67879799963491,42.00551000023123],[-70.68679800029656,42.01276399967781],[-70.69580900001324,42.013345999882375],[-70.71220400044841,42.007585999982965],[-70.7100340004037,41.99954399995989],[-70.70644300032679,42.000728999734044],[-70.70002500025412,41.998256000082954],[-70.69883699985043,41.9918969998803],[-70.69898099979049,41.98710299979688],[-70.69098600005002,41.98129800001131],[-70.68135699984205,41.979144999789945],[-70.67882199992434,41.97717799976361],[-70.67625699986942,41.972286000283376],[-70.66448199990617,41.960062000249586],[-70.65320200041054,41.95249100020039],[-70.6467850001628,41.949308999809226],[-70.63975699999476,41.94937599983845],[-70.63201199960126,41.94603299978888],[-70.63057399985063,41.94605499977004],[-70.63032100013065,41.94704799967058],[-70.63846599965895,41.95638000028962],[-70.6486859996957,41.972286000283376],[-70.65300800024178,41.97695600006851],[-70.65250699992636,41.978871000046674],[-70.64936000026347,41.97862000025373],[-70.64554599970549,41.97519699985754],[-70.63157300010842,41.95302199992227],[-70.62394499989078,41.94306100027775],[-70.6164909997504,41.94020400012302],[-70.60816600029706,41.940700999941996],[-70.59807799960646,41.947771999816005],[-70.59159299958665,41.949325999863184],[-70.58357199990692,41.95000699979002],[-70.56776700037393,41.93949900019818],[-70.56597399989775,41.93622700008236],[-70.55294100010893,41.929640999826994],[-70.54397499969976,41.926278999788025],[-70.53918900044481,41.92677300031511],[-70.54006700032878,41.92367299975229],[-70.53786999962155,41.92094599993697],[-70.54193299970157,41.918944999744085],[-70.54491600023125,41.918637000062354],[-70.54638599976892,41.916751000074676],[-70.54741000014108,41.91193399971969],[-70.54594899992591,41.9071579997819],[-70.53208400028387,41.88956800003398],[-70.5329720002136,41.885818000250346],[-70.53143900002841,41.88085799976925],[-70.53097799989597,41.87041999971456],[-70.53049400019731,41.865491999896],[-70.52556699957873,41.85873000031787],[-70.5325500004392,41.84066199974389],[-70.53626399964145,41.83465900013267],[-70.54206499994606,41.83126300026524],[-70.54316799996091,41.82444600017912],[-70.54102999970324,41.81575399974176],[-70.53728933401179,41.810859061074176],[-70.54586899955999,41.80351599989872],[-70.56536299997747,41.786669000255806],[-70.60293900010281,41.774696000323694],[-70.63255499974947,41.76290399980738],[-70.62997799999897,41.761133999825184],[-70.62586999971312,41.75519899967813],[-70.62515599986068,41.751143999755904],[-70.62162199968517,41.748971999745926],[-70.62078499980909,41.74753000028026],[-70.62157099963154,41.746418000291044],[-70.6231930004035,41.74561500019852],[-70.62598799971389,41.74496899969794],[-70.63270600026053,41.737758999796114],[-70.63326799977699,41.73546499985321],[-70.63257999986382,41.73365699970715],[-70.63938999957364,41.728018000308516],[-70.63947599978736,41.72647299991901],[-70.64027599985353,41.72360900012529],[-70.6430739124004,41.717603586827465],[-70.6488050004197,41.71802900029647],[-70.65046900012614,41.71341600021237],[-70.66045200033643,41.70507600032205],[-70.67406400025847,41.69137099987037],[-70.67613800004371,41.6926539997276],[-70.66520499997942,41.703833999918395],[-70.6562059999583,41.71338699978192],[-70.65659599994565,41.71540100019252],[-70.66400499988018,41.71620099984264],[-70.67045300009008,41.72191200021933],[-70.67922799980522,41.72743099968478],[-70.68588299970435,41.72707599981953],[-70.68826000033661,41.72370499998759],[-70.69705400031832,41.72920399991695],[-70.70616600031735,41.728983999882246],[-70.70819300024694,41.73095900009334],[-70.7151179995845,41.73239700016765],[-70.71873899979863,41.735740000188294],[-70.72633100003127,41.73273099996211],[-70.72082199980473,41.72760799974784],[-70.72094900002631,41.72322000018603],[-70.72581299999742,41.724591999801135],[-70.72852600019034,41.722875000027386],[-70.72130200020375,41.712967999872596],[-70.71488599978089,41.710312000118726],[-70.71202799982301,41.707027999983914],[-70.71422999965478,41.70173099966846],[-70.72272400006084,41.703833999918395],[-70.72747699970384,41.70241399978189],[-70.72605099964879,41.7006400001432],[-70.72319900043699,41.69602599967136],[-70.71745099983585,41.693979999804206],[-70.7149059998724,41.69193799990478],[-70.71835499965908,41.69015699973746],[-70.71504499978955,41.6810080002059],[-70.71559299996065,41.675257999709125],[-70.71982900029302,41.6779929999945],[-70.72153499983224,41.68147100001739],[-70.7293949998535,41.688140000103985],[-70.73959899999673,41.691765999700785],[-70.74435300036295,41.697977999737084],[-70.74886800035459,41.69744600001323],[-70.7553469996283,41.694326000239094],[-70.75243400031715,41.69016900001999],[-70.75172100028962,41.68555400013591],[-70.74910600000597,41.68040599986451],[-70.74340199978575,41.67472599995867],[-70.74510400002534,41.67244499983518],[-70.75076999971239,41.67561299992293],[-70.75243400031715,41.67845399995263],[-70.75837600018875,41.680584000277705],[-70.76384199985927,41.67685600021165],[-70.76185599993757,41.672933000266724],[-70.756711999584,41.666913999923594],[-70.76235999972772,41.66773500013603],[-70.76194100032639,41.66549300019032],[-70.75819799991352,41.66122500020952],[-70.75706499976143,41.652891000222695],[-70.76241599980422,41.65270799990798],[-70.76217800015284,41.648268000030235],[-70.76645700014292,41.64844600003441],[-70.76835799967581,41.64578199993802],[-70.76546299990802,41.64157500007723],[-70.76931799957555,41.64114499988668],[-70.77365400036535,41.64503300029988],[-70.77670899996674,41.65075599977641],[-70.7860269998301,41.65223899995169],[-70.79082899987691,41.65323100020843],[-70.79521599982202,41.650932000030245],[-70.8023460000973,41.65572700000353],[-70.80900099999641,41.65839100026632],[-70.81470600004154,41.657147999813525],[-70.82159799976715,41.6548389998152],[-70.82326200037188,41.648979000292144],[-70.81635100037971,41.645994999946964],[-70.80466400028001,41.64115699990901],[-70.80021500041062,41.63175299983553],[-70.80106300015736,41.62951299982097],[-70.81027899991345,41.62487299997259],[-70.81768299982514,41.623431999711485],[-70.82207399996821,41.627485000123464],[-70.82777399999047,41.62463499997346],[-70.83529599990291,41.62453200022063],[-70.8431763099344,41.62848681554362],[-70.84524200030329,41.64466499969868],[-70.85214099970158,41.6639159999559],[-70.85821200034295,41.68116700004579],[-70.87064000005924,41.71595699988827],[-70.88643899974444,41.76023200015964],[-70.9044379996116,41.757999999701575],[-70.90718400031481,41.76354300002152],[-70.92178200007585,41.79124399975977],[-70.98796299989449,41.78341500019224],[-71.02628800003237,41.77888799987859],[-71.0145909998869,41.79956799992297],[-71.03656999999342,41.81652500031293],[-71.00745499976387,41.83848500001231],[-70.99590499993151,41.84702200000319],[-70.99045400032959,41.85007099977358],[-70.98804200043553,41.851805999903455],[-70.98577899960607,41.85405799967469],[-70.97830799974726,41.85724600022004],[-70.97371699958764,41.86087899982398],[-70.97716899974738,41.87469599975045],[-70.97716299989962,41.87514900011085],[-70.98725599971478,41.90580800022203],[-70.99184900042252,41.9060809997184],[-70.9931519995556,41.90644499968235],[-70.99114999974036,41.90913300001407],[-70.99197800029393,41.91560199997604],[-70.99327899977719,41.91646499999297],[-70.99508200029912,41.91496799973172],[-70.99713199979493,41.91668199984971],[-70.9973970001088,41.91839899998897],[-70.9969190002579,41.92348800033324],[-70.99553300038583,41.92505299997223],[-70.99675199985333,41.92736899978565],[-70.9996290000778,41.92846500012515],[-70.99977300001784,41.92967099985633],[-71.01056700016495,41.94007900016931],[-71.01658799967929,41.943864999943614],[-71.02104599976951,41.94640699977247],[-71.04262700039105,41.95951599972534],[-71.04948499978146,41.963094000056245],[-71.0541839998961,41.982716000081105],[-71.0695950001421,42.049704000316],[-71.08048300000056,42.09553900017082],[-71.06125600044506,42.10319400014799],[-71.02185900025445,42.1187450001319],[-71.00197400002473,42.126525999706196],[-71.00215200029993,42.12730400027116],[-70.98127000036052,42.135511000054066],[-70.92487699986022,42.15758000031203],[-70.914744999687,42.2251150001201],[-70.91633399994868,42.225718000180166],[-70.92048999991509,42.22579999996851],[-70.92209000004743,42.22529999983096],[-70.92349000016321,42.22590000005298],[-70.92375100027914,42.22805500030325],[-70.92238999962309,42.22929999980435],[-70.92578999990428,42.23680000007247],[-70.92959100004347,42.24270000003528],[-70.93128999991002,42.244299000040805],[-70.93119100017582,42.24860000025234],[-70.93349099991687,42.24999999995509],[-70.93243499975766,42.25264400022518],[-70.91931999995309,42.25470300007519],[-70.91708100031138,42.255599999877504],[-70.91819099999896,42.26009999984],[-70.91739000010789,42.263898999787045],[-70.90899000031146,42.264398999917574],[-70.90828590887662,42.2647153303575]]],[[[-70.93570000031966,42.29652300011117],[-70.93527199979917,42.30210099998464],[-70.92935699969175,42.303321000173476],[-70.92637999990818,42.301406000128814],[-70.92663799965104,42.299204000287745],[-70.93000399959705,42.29681099973246],[-70.93531100015723,42.29192700015255],[-70.93733200023904,42.284916000327556],[-70.94256100008312,42.28752200003176],[-70.94902000016366,42.28594600017165],[-70.9510799997052,42.28972599990052],[-70.94864000022204,42.29163699994971],[-70.94165399988682,42.29221400011335],[-70.93570000031966,42.29652300011117]]],[[[-70.88915100011246,42.327739999881395],[-70.89195200016896,42.32723099995863],[-70.89229600012554,42.328394000299575],[-70.88895399957067,42.328901999949686],[-70.88915100011246,42.327739999881395]]],[[[-70.89460099988949,42.33509599993843],[-70.89396700040298,42.334497000087275],[-70.89501299961812,42.33380699975186],[-70.89607999964801,42.330354999802864],[-70.89858600015168,42.33050099969664],[-70.89725899983084,42.3326439998807],[-70.89706300001225,42.33395200018594],[-70.89460099988949,42.33509599993843]]],[[[-70.88477699968783,42.33932800029066],[-70.88595599987069,42.3384559999608],[-70.88752900023883,42.338202000053265],[-70.89180400003096,42.33812899979065],[-70.89175499962717,42.3388559999259],[-70.88860999961408,42.33965500020182],[-70.88625100032178,42.33994600031315],[-70.88477699968783,42.33932800029066]]],[[[-70.89460500008745,42.342379000224234],[-70.89460500008745,42.3403090002345],[-70.89515599973326,42.3388789999611],[-70.89671400003279,42.33847500011132],[-70.89840700005155,42.3402659998118],[-70.89721000032534,42.34332400022374],[-70.89560000014727,42.34389200009972],[-70.89460500008745,42.342379000224234]]],[[[-70.87716600008696,42.34330400027956],[-70.8739530003018,42.343633999873326],[-70.87438599994685,42.34267500004936],[-70.87604999965326,42.341228999716364],[-70.88008900034215,42.3409600002002],[-70.8834650003339,42.340035000187775],[-70.88335200035601,42.34049100006117],[-70.88020700034293,42.34230700010987],[-70.87716600008696,42.34330400027956]]]]}},{"type":"Feature","properties":{"id":"25025","name":"Archbishopric of Suffolk","region":"Greater Boston and the North Shore","color":"#ab8139","label":[-71.06079605118732,42.338995313593244],"displayName":"Archbishopric of Suffolk","kind":"region","canon":true,"culture":"Greater Boston and the North Shore","summary":"Example county entry. Modern Census county boundaries provide a geographic reference; titles and heraldry are fictional placeholders.","flag":"assets/flags/placeholder-county.svg","shield":"assets/placeholder-arms.svg","labelMinZoom":6},"geometry":{"type":"MultiPolygon","coordinates":[[[[-70.94851499965027,42.311937000033325],[-70.94967999958942,42.31107600016984],[-70.95239899963015,42.3109800000478],[-70.95434000024433,42.308586999959225],[-70.95783500006176,42.3098309998456],[-70.95809399962953,42.311650000280345],[-70.95434000024433,42.31298999994234],[-70.95149200033217,42.31356399986913],[-70.94851499965027,42.311937000033325]]],[[[-71.00030500029541,42.32128200019025],[-70.99953399964325,42.319919999721606],[-71.00037100041764,42.31932599971538],[-71.00325100011685,42.3195240001191],[-71.00669900007863,42.31613299975529],[-71.01148699988173,42.309299000311896],[-71.01460099993267,42.30986900016222],[-71.01717900040639,42.31175100021533],[-71.01664299993085,42.31373099999541],[-71.01132000037546,42.31635500023872],[-71.00636400034287,42.320910999735354],[-71.00030500029541,42.32128200019025]]],[[[-70.92530799985545,42.31722300005136],[-70.92805500038357,42.31722300005136],[-70.93076000018058,42.31902699996452],[-70.9309099999684,42.321604999839735],[-70.9302479999945,42.3222919997329],[-70.92596900000443,42.32190899998777],[-70.92530799985545,42.31722300005136]]],[[[-70.97039199964951,42.31624499979189],[-70.96754499956228,42.322894999942704],[-70.9572679996241,42.33166100032842],[-70.95280500040931,42.33062699992386],[-70.95369300033903,42.32792100004599],[-70.95912999969724,42.3245720002526],[-70.96353099988606,42.31854199978206],[-70.96573199989292,42.31346899996154],[-70.96896800014258,42.31298999994234],[-70.97116900014946,42.31117099970359],[-70.97427300015465,42.310198000021224],[-70.97721899997609,42.31024900007361],[-70.9774020002742,42.31229400029766],[-70.97039199964951,42.31624499979189]]],[[[-70.9839840003784,42.32131700005758],[-70.98566700035138,42.31873299973722],[-70.9887739998313,42.31921199988464],[-70.98890299970274,42.32371000032191],[-70.99162099991855,42.326294000143335],[-70.98916200016885,42.328303999719346],[-70.98424299994615,42.32839999997946],[-70.983078000007,42.32715599986852],[-70.9839840003784,42.32131700005758]]],[[[-70.93494700010916,42.3268069997871],[-70.93654399986843,42.32486599976387],[-70.93985399973798,42.324245000286986],[-70.9429479996974,42.325695000147256],[-70.94278000036621,42.32718099990848],[-70.94074900023867,42.32813900009223],[-70.93724799967514,42.32749999975897],[-70.93494700010916,42.3268069997871]]],[[[-70.92971700044016,42.33397299986389],[-70.92869200024312,42.332324000111925],[-70.92683400036793,42.33037600001772],[-70.92306800038884,42.326989999696345],[-70.92259800003555,42.326144000295976],[-70.92471600020176,42.32488000024399],[-70.92678999998701,42.325360000303725],[-70.92769800000819,42.327340999796284],[-70.92938299963102,42.32817100027913],[-70.93141399975858,42.32826700007808],[-70.93211000006765,42.32891500003588],[-70.93102499959615,42.32967299970388],[-70.93124100040453,42.331909000083016],[-70.93246400006998,42.33222799986384],[-70.93175799971516,42.333115999722146],[-70.92971700044016,42.33397299986389]]],[[[-71.1647020000444,42.303830000180525],[-71.15211299977128,42.29458799981659],[-71.1468830001023,42.29727999996065],[-71.14013500031676,42.30214699968436],[-71.13650200040706,42.306203999807444],[-71.13186299966856,42.31317800024029],[-71.12371099956925,42.3227159997819],[-71.12152800000406,42.32388199996144],[-71.1195389997093,42.32274499996125],[-71.11653699981136,42.323939000321374],[-71.11556299966793,42.326779999875164],[-71.1145469996917,42.328371999918765],[-71.11327100032277,42.33221700001281],[-71.1114130004476,42.33452500007776],[-71.11075099957536,42.336168000291],[-71.11155099964154,42.337298999896454],[-71.11059699958959,42.34040500009929],[-71.1082249998785,42.342271999969164],[-71.10551599988351,42.343811999679566],[-71.10721300010024,42.34704900005764],[-71.1065700003929,42.34991200024714],[-71.1228550003249,42.351860999777465],[-71.1261340002323,42.35032700030579],[-71.12872799970121,42.349462999815735],[-71.1333809997851,42.34712199992309],[-71.13515499999473,42.34602300012919],[-71.14129799970776,42.34106999993162],[-71.14175399981734,42.34039600030492],[-71.14421199974215,42.34002199974391],[-71.1462150002806,42.33863199980742],[-71.14615599983107,42.337442000199346],[-71.14726600041693,42.33720099988187],[-71.14829499991366,42.3358069998064],[-71.15010400028336,42.335281999814484],[-71.1498530002132,42.334634999777194],[-71.15703600019192,42.33038999993565],[-71.16091699979873,42.333638999696454],[-71.16273200001622,42.333961000238524],[-71.16756500002516,42.33344099988506],[-71.16888599959994,42.33582600009328],[-71.16893599982863,42.33844899990389],[-71.16669899983677,42.34000899996137],[-71.17479800023261,42.35026500019438],[-71.17393500041725,42.353396999855626],[-71.16762500029964,42.36007300002088],[-71.16388799973454,42.35852300018633],[-71.16150799962753,42.3589720002841],[-71.15974600001181,42.35978099981022],[-71.15447500033494,42.36003599982148],[-71.14833199972357,42.36111899987279],[-71.14717000015749,42.3617539998949],[-71.14449200012463,42.36482200028019],[-71.14366699994412,42.36508100007451],[-71.13989199974421,42.364440000267194],[-71.13665800004266,42.36675199980832],[-71.13237300020481,42.368891000179495],[-71.13176200028452,42.36986399998663],[-71.13317900011874,42.37233800014367],[-71.13099700037847,42.3738920000403],[-71.12820299999467,42.3735719998409],[-71.12320400030437,42.368937999688484],[-71.11895999957608,42.36876000002078],[-71.11722999974741,42.36736699972535],[-71.11659700008582,42.3591849998427],[-71.1171650003484,42.3569969997143],[-71.11685200035394,42.35538499997433],[-71.11319599997971,42.35311000002737],[-71.11035800011331,42.35258600023082],[-71.10431599978426,42.35240299978185],[-71.09789000021401,42.35311999976812],[-71.09123500031488,42.35433799984704],[-71.0779520002808,42.35873500025381],[-71.07609199985748,42.36037999974062],[-71.07479200019911,42.363773000203246],[-71.06947799996624,42.369045999867424],[-71.06405900015137,42.36900100014732],[-71.06711499957765,42.37181599969719],[-71.07246599962048,42.3726579999939],[-71.0756569996643,42.380196000061055],[-71.08070099956045,42.381039000144526],[-71.08093200043744,42.38213300016485],[-71.07942799966625,42.38331999983224],[-71.07349599984042,42.39179599991712],[-71.07269599977424,42.39079599993487],[-71.06932200033063,42.3940219999726],[-71.06694399987344,42.394754999724725],[-71.06708199996571,42.394049999983714],[-71.07069599960883,42.38959600015701],[-71.07089599962536,42.388996000290305],[-71.06569500026873,42.38659599986992],[-71.0573950000314,42.38729700015948],[-71.05529500030688,42.387096999708845],[-71.05069499992644,42.39199599999203],[-71.05000199999041,42.39347099993671],[-71.0532969997913,42.396178000101834],[-71.0519450002544,42.39761899984302],[-71.04814499994013,42.396633999932206],[-71.04056799977609,42.40198199989815],[-71.03562900036025,42.409640999908994],[-71.03344199969878,42.413380000240785],[-71.0310859998812,42.41878200032227],[-71.0282270000984,42.42420200002705],[-71.0203770001229,42.43825000020152],[-71.02583600012075,42.44470900024204],[-71.0187569998991,42.45011800021217],[-71.01192399972474,42.44216400015288],[-71.00967099983933,42.44104700020169],[-71.01226900040454,42.43972400016482],[-71.0101050002076,42.4381880000405],[-71.01141599973663,42.43599100011466],[-71.01077700022725,42.434567999837654],[-71.00697400043823,42.43383799994232],[-71.00591999992885,42.43304399989886],[-71.00214999975181,42.4326080002127],[-70.99985699968343,42.43129600010633],[-70.99723399990218,42.431051000328715],[-70.99202299960146,42.434135000241845],[-70.99012000041874,42.43487700023725],[-70.98370800019389,42.43166300004095],[-70.98229399983437,42.43129600010636],[-70.97945400031814,42.432815000292855],[-70.97519399969632,42.43689600004855],[-70.9715940002969,42.44269600029691],[-70.96859400004878,42.4443960000176],[-70.96613881185081,42.443492041111526],[-70.96653799980687,42.442451000006734],[-70.95993399996136,42.441217999858985],[-70.95969799995983,42.44066700002905],[-70.9755100000638,42.431583999862575],[-70.98299400034142,42.423995999989266],[-70.98769400028097,42.416695999981975],[-70.99059499989656,42.40709800032002],[-70.98919499978079,42.40259800004987],[-70.98506800012667,42.402040999743825],[-70.98342600016154,42.396245999856106],[-70.97979099970371,42.390561000231195],[-70.97579600029408,42.38946500006068],[-70.96860499991942,42.39011199967508],[-70.96727299957571,42.38822899974793],[-70.97251300018874,42.385041999838144],[-70.97270599963429,42.38175899978389],[-70.9715730003805,42.37738099984609],[-70.96662700039364,42.367599000004546],[-70.9692140001899,42.36425399970156],[-70.96803400018213,42.35759099978503],[-70.962365000122,42.354975999919716],[-70.95859900014291,42.35550999972935],[-70.95329199958273,42.34969799996837],[-70.9530220001443,42.34397299967449],[-70.96004699993927,42.34650599981697],[-70.96527599978333,42.35142400026932],[-70.97240600005863,42.35721999974533],[-70.97454000011834,42.35925000014387],[-70.97537699999442,42.36228599993385],[-70.97066000033642,42.370579000191604],[-70.97282799983302,42.37192800013059],[-70.98812799975093,42.368512000269256],[-70.9972270002295,42.372691000215475],[-71.00023999999807,42.37241800009316],[-71.00282199977146,42.36594500024082],[-70.99771900032407,42.360561999873866],[-70.98803499986452,42.36187999989202],[-70.9853169996487,42.358315999856174],[-70.98954999960804,42.35449499976233],[-70.99433699958625,42.35390899972749],[-70.99957700019925,42.35640799994379],[-71.0037409996633,42.3560370002221],[-71.00557900034532,42.34736200019288],[-71.00780700011636,42.34714500025421],[-71.02769999984372,42.358625000232934],[-71.02635099978156,42.36181900019361],[-71.02691599967109,42.36376899979039],[-71.02963800008486,42.36335200032485],[-71.03799900042152,42.36375300012779],[-71.04262599966782,42.36718800003717],[-71.04466000016845,42.372189000098864],[-71.04701799963581,42.37312000019071],[-71.05059799984207,42.372871999734734],[-71.05264200038839,42.37078800025606],[-71.0522480002031,42.36920099983664],[-71.05047999984129,42.368072999999775],[-71.04967300010243,42.3565980000447],[-71.01389499957783,42.3416799997787],[-71.01092600019017,42.33965600019077],[-71.01017700017762,42.337557000220926],[-71.01566399976458,42.33051799998977],[-71.0241509995996,42.333158999721626],[-71.0347039997223,42.32876199997448],[-71.04233299976487,42.330142000168756],[-71.04764799982267,42.328086999753765],[-71.0474260000648,42.32342799970236],[-71.0330989995671,42.316116000224575],[-71.03277700025014,42.31347199984893],[-71.0368930000336,42.31051299980135],[-71.03790399998697,42.310434999680005],[-71.04096100013649,42.31215199971309],[-71.042335000313,42.31169299967393],[-71.0424900001237,42.3097449998136],[-71.04483199969756,42.30919300005491],[-71.0476160000356,42.30337799989069],[-71.04449500031197,42.30149599998333],[-71.04678599983221,42.298106999669116],[-71.04369699989564,42.2928989997423],[-71.03987999986292,42.29245499999413],[-71.03797400030716,42.28867499988799],[-71.03930599975257,42.28549499995797],[-71.03812712263891,42.2847150473095],[-71.03929300023209,42.283798999798826],[-71.04049400015624,42.281898000327715],[-71.04159399979807,42.278098000071445],[-71.04278200020175,42.277101999746556],[-71.04488000027645,42.27626599975047],[-71.04980199997385,42.278100000012216],[-71.05328400027082,42.277502000271106],[-71.05557499979105,42.27505199999718],[-71.0534940003331,42.27245799970997],[-71.05383599974157,42.27169899986468],[-71.06218899968229,42.26715900033151],[-71.064695000186,42.26860700005216],[-71.0650969998689,42.27065900022307],[-71.06781500008472,42.271396000271764],[-71.06813999977473,42.27099999987819],[-71.07204399984609,42.27081700003922],[-71.0732640000368,42.270317000291165],[-71.07649199989056,42.27050900007322],[-71.08276100000032,42.26863400032191],[-71.08940300037895,42.26968999980649],[-71.0902579997984,42.26663899977054],[-71.09390800032484,42.26713999991985],[-71.09748299960991,42.26308900028155],[-71.10367200025203,42.259723000281916],[-71.10500100022271,42.2608039999195],[-71.10840499980355,42.261115999730265],[-71.11146000030327,42.26076900031752],[-71.1132599995538,42.25892600023025],[-71.10954399980342,42.255411999892736],[-71.10934700015994,42.247989999877696],[-71.12637699990651,42.23916199999546],[-71.12260199970662,42.23451500031794],[-71.12458699980341,42.234011999690225],[-71.12547700028125,42.231881999904296],[-71.12741999964693,42.23117600016351],[-71.13074899978304,42.22791099985859],[-71.14268100010513,42.23599800013551],[-71.14664200007788,42.25575500022505],[-71.15211799979416,42.2582469999516],[-71.15858400044571,42.25515499991583],[-71.16860399956761,42.263160000089606],[-71.17154100006654,42.26614200026887],[-71.17415399980206,42.26702100025556],[-71.17460900008672,42.268372999888896],[-71.1729529998779,42.27029800016667],[-71.1748469997381,42.273729000206934],[-71.17441800029101,42.27504199980902],[-71.17497200030988,42.27600400000872],[-71.17746100019683,42.27686799988104],[-71.18315899967097,42.27591299994497],[-71.18530699997437,42.279496999961644],[-71.18821199978792,42.280437999690086],[-71.19075299955342,42.28184000019841],[-71.19124700019616,42.28299200014549],[-71.17863600018173,42.29459500010272],[-71.1647020000444,42.303830000180525]]]]}},{"type":"Feature","properties":{"id":"25027","name":"Duchy of Worcester","region":"Central Massachusetts","color":"#758d91","label":[-71.95784623929958,42.365157195338696],"displayName":"Duchy of Worcester","kind":"region","canon":true,"culture":"Central Massachusetts","summary":"Example county entry. Modern Census county boundaries provide a geographic reference; titles and heraldry are fictional placeholders.","flag":"assets/flags/placeholder-county.svg","shield":"assets/placeholder-arms.svg","labelMinZoom":6},"geometry":{"type":"Polygon","coordinates":[[[-72.31425300039567,42.34368799982304],[-72.31217600023736,42.34280199972879],[-72.30940899961774,42.343761000271506],[-72.30878799965173,42.34489100017681],[-72.30680400027815,42.344282000192365],[-72.30614300012915,42.346127000317715],[-72.3037529999764,42.345757000217624],[-72.30139700015884,42.348228999907164],[-72.29874400024036,42.34932199996635],[-72.29670899991486,42.3493690001726],[-72.29538900016502,42.35056899991994],[-72.29133299975769,42.35173600006735],[-72.28855900036369,42.35207800003286],[-72.28423099996982,42.35201000023837],[-72.28138200023275,42.33612699978292],[-72.27849099976459,42.33646500017705],[-72.27707899995323,42.32940500005029],[-72.28000300003336,42.329091000019524],[-72.27463899957178,42.30196300001952],[-72.26192200015043,42.30525800027108],[-72.26154499968358,42.303330999859526],[-72.21079500020242,42.31138000003319],[-72.21214400026459,42.31021799986433],[-72.21285200026925,42.30756600016851],[-72.21306700035441,42.303808999742145],[-72.21222799993019,42.30256499977726],[-72.21277500027637,42.30151400007161],[-72.21626199969789,42.29930700019117],[-72.21674499957163,42.29405599971796],[-72.21079799967717,42.294478999912656],[-72.2032809997876,42.29118200022873],[-72.20395700000522,42.28887799968183],[-72.20710899969097,42.28524599984623],[-72.21204299998226,42.28265199980899],[-72.21277899957602,42.26980500000729],[-72.21764900029319,42.27017200014079],[-72.21756999975216,42.268198000091076],[-72.21609099999365,42.25619699998614],[-72.21110099962588,42.25567700010204],[-72.21107899988456,42.25126199984576],[-72.21045999956836,42.247205000041866],[-72.21458399974773,42.24757099994321],[-72.2148209995742,42.249041000186196],[-72.21806799969453,42.24860500011658],[-72.22121799973048,42.24525199979109],[-72.23912700008427,42.226811999766454],[-72.2575040002432,42.207809000289274],[-72.2601589998115,42.205869000110866],[-72.2627919996385,42.20253400012363],[-72.2641080000887,42.199500999932155],[-72.26469100041987,42.19672499998006],[-72.26439799961861,42.193529000262004],[-72.26327600023548,42.19260099982864],[-72.26313200029543,42.19010900002168],[-72.2637499998884,42.18832300001171],[-72.26392399996568,42.18383099993878],[-72.20062600021929,42.1612869999372],[-72.19934800030224,42.15370700014022],[-72.14188600012224,42.16100000010387],[-72.1350110001151,42.1617840002238],[-72.13511200039744,42.09066500020729],[-72.13571499992179,42.03024533957763],[-72.0634959999721,42.02734700017749],[-71.98732600009536,42.02687999992725],[-71.89077999971921,42.024368000190194],[-71.80064999976591,42.023568999751156],[-71.79924200015253,42.008064999965484],[-71.76601000031461,42.009745000114364],[-71.68087581642222,42.01170473118216],[-71.60673402560747,42.01341142482298],[-71.57690799984736,42.01409800019872],[-71.55943899970966,42.014342000283136],[-71.5276060001626,42.01499799974184],[-71.52730599968864,42.01509800001733],[-71.50090500037524,42.01709799987042],[-71.49825830124017,42.017220233203304],[-71.49816700006797,42.024669999674785],[-71.49790099992916,42.03151299998152],[-71.49825999995437,42.031590000313834],[-71.4983059999851,42.05819599975843],[-71.49823599966491,42.08856299982891],[-71.49812699988497,42.09341500028416],[-71.49553000004299,42.099961999838634],[-71.49693000015877,42.102356999960165],[-71.49968900038247,42.10348999973487],[-71.5012250000424,42.10594499983051],[-71.50059900005348,42.10745699996652],[-71.50307799989471,42.11028500016142],[-71.50126299967722,42.11168500008601],[-71.50139300027188,42.116677000279765],[-71.48988100007435,42.124734000146354],[-71.47852200003771,42.13137799992416],[-71.47811899963159,42.156782000179646],[-71.47802699957008,42.165870999992656],[-71.49313599969227,42.16620999986003],[-71.49737799987243,42.166643000142116],[-71.50262599998308,42.19141599975679],[-71.50689400010252,42.18892700031357],[-71.53927700036877,42.189730000186266],[-71.55573800002789,42.18250300022208],[-71.55506699983314,42.18447599997456],[-71.55644699985746,42.18661400008565],[-71.55581699967061,42.18984300031524],[-71.55678199959321,42.19245000008573],[-71.57227099965701,42.192732999683],[-71.57154799958374,42.194652999976554],[-71.58290999999343,42.19555900004384],[-71.60222100011283,42.218101000046964],[-71.5993179999491,42.22595900022806],[-71.58675899981321,42.25954499994535],[-71.56456399979668,42.266865999680036],[-71.5565840001248,42.26813399987655],[-71.55241200026485,42.26743099968328],[-71.55011499999853,42.26602300005027],[-71.54794900015176,42.265937000020585],[-71.54461800036584,42.264476000034755],[-71.54169199973757,42.263965999898986],[-71.53963200019602,42.26279299968645],[-71.53801100014729,42.26456299991583],[-71.53393700019662,42.26526600018197],[-71.53225500004854,42.26610599981304],[-71.52799500032503,42.26652500026328],[-71.5249309996045,42.265905000103245],[-71.52217800012691,42.266454000256005],[-71.51822100035209,42.2677150001492],[-71.51388200008756,42.267584999729564],[-71.51054000043099,42.26622700019257],[-71.5089849996062,42.264485999904906],[-71.50647800017589,42.264276000303724],[-71.50592800035498,42.26657800009482],[-71.50588200032423,42.27293800004378],[-71.49704599961143,42.289829000021776],[-71.48635000027191,42.310449000049545],[-71.48510900016477,42.323163999686685],[-71.48679700016065,42.330189000103246],[-71.5082160004005,42.3279279999465],[-71.51652699961011,42.33033599985543],[-71.55112599995188,42.3263949998213],[-71.56908499963606,42.32037299975837],[-71.58520999973449,42.31095200020605],[-71.59250200039149,42.31790100027156],[-71.59736299998951,42.32101599989805],[-71.60188499965386,42.32697100006081],[-71.60526599966848,42.330160000034795],[-71.6035910000914,42.33167600007629],[-71.60409900007951,42.33676900023317],[-71.61152899993043,42.33899300001125],[-71.61825999999755,42.34258899975479],[-71.6206579996479,42.34524899993501],[-71.62582499956768,42.349724000171456],[-71.62470200035966,42.35046499977745],[-71.61000699961593,42.35740300010843],[-71.60306499966161,42.36726699969545],[-71.60775899975339,42.370021999773584],[-71.58018599992987,42.38697600002919],[-71.60425100041547,42.39770300033152],[-71.58525999996321,42.4070970000777],[-71.55909999977592,42.41194299967993],[-71.54339399997716,42.466451999753176],[-71.56036699982232,42.474349999950306],[-71.53485500026356,42.513330000084274],[-71.5327179998308,42.51465000007036],[-71.52984099960635,42.51984100023928],[-71.53137700016458,42.52035200021054],[-71.53878000025131,42.54302999973795],[-71.58028700021218,42.55046700010239],[-71.58855899996207,42.546295000027634],[-71.59112400001702,42.54450399981705],[-71.59462399985733,42.54337800030135],[-71.60228999970981,42.54520399987069],[-71.6078519996398,42.545379999670516],[-71.61992700007703,42.55250199998665],[-71.62512599978388,42.5500989998023],[-71.62847500001143,42.54800099975443],[-71.63201699968455,42.54451800029216],[-71.63401100000218,42.54087599987756],[-71.6358849997709,42.54000099981164],[-71.63664999967696,42.5331270002803],[-71.63920600040937,42.5309569996737],[-71.63893799972244,42.52878299998439],[-71.63586899987739,42.52402400021863],[-71.67896900029787,42.530430000205655],[-71.67769100038083,42.539410999907055],[-71.6646009997923,42.61159800028744],[-71.73225700006977,42.631453999900415],[-71.7757549999752,42.64423000011924],[-71.77532499980491,42.636662999893936],[-71.84484300015554,42.63798499998761],[-71.85848299966668,42.6338150000246],[-71.85639299998789,42.66764299993177],[-71.85775700011868,42.674981999678174],[-71.86375400024187,42.67955099983398],[-71.86575100003422,42.68411100019909],[-71.86977800012922,42.68364700011791],[-71.89710300025565,42.70372799981847],[-71.89877002908122,42.71142188239777],[-71.92881100012923,42.712234000142374],[-71.98140199976713,42.713293999687664],[-72.07767255691424,42.71621459175619],[-72.12452599976446,42.71763599969854],[-72.20356955392822,42.71959215977405],[-72.28303287555288,42.72155870858073],[-72.27195600041438,42.67467199973755],[-72.25853699993785,42.67542400028544],[-72.25732500014304,42.66794000011802],[-72.2434949997628,42.669247999817664],[-72.2421089998907,42.66164199967682],[-72.22948000033294,42.662665999784245],[-72.22493199983101,42.638936999952996],[-72.22907799975171,42.63835400030826],[-72.22821199956331,42.63649399975837],[-72.22645199959742,42.63494600026029],[-72.22531400032075,42.6304260001607],[-72.22779700035994,42.62649799994388],[-72.2311759998264,42.625862000022195],[-72.23054499981465,42.623781999739215],[-72.22906600005615,42.62399899999514],[-72.22985600007657,42.622083999865616],[-72.22754999958943,42.622074000062426],[-72.22833499958695,42.618857999740364],[-72.22776300002474,42.61622299967735],[-72.22994599958994,42.61438800012243],[-72.23195999999908,42.613950000303625],[-72.23840900003385,42.61462000024559],[-72.24000900016618,42.61372099974713],[-72.25177300025878,42.612138999810675],[-72.2547450000195,42.611614000151334],[-72.25331099956853,42.60533600003653],[-72.2563290002583,42.60512200003103],[-72.25880999974933,42.60372000007768],[-72.2600469996585,42.60114299986497],[-72.26215499977894,42.600250999847944],[-72.26544700010511,42.6009570000953],[-72.26706399995587,42.600812999679036],[-72.26133299997147,42.575921999777286],[-72.26346399965813,42.57595699987696],[-72.2653979997013,42.577610999767444],[-72.26861399985948,42.57787199996187],[-72.27000399992954,42.57633700007326],[-72.27139099962653,42.57627300007699],[-72.271811999576,42.57830100002165],[-72.2732259999355,42.57934200014034],[-72.2738450002517,42.57743299990292],[-72.27507200011512,42.57669300025922],[-72.27643399969776,42.57737399989146],[-72.27665999965357,42.5704380002485],[-72.27358999998359,42.56099899988339],[-72.26911099997696,42.53342499980809],[-72.2448680001144,42.513438999843956],[-72.29128799955184,42.47952500003991],[-72.28325900037451,42.44118899998874],[-72.28733999999787,42.43845799995157],[-72.2872780000736,42.43724599975628],[-72.29072600003538,42.43733999980691],[-72.28867399999142,42.43557500012157],[-72.29088800041708,42.43404499993807],[-72.29209099999106,42.42996599993726],[-72.29355600040418,42.43002199968991],[-72.29709600042747,42.426592999706166],[-72.30032900030407,42.42456199997451],[-72.3024569996177,42.424019000023875],[-72.30128500000586,42.423618999805676],[-72.30099200010288,42.421945000232725],[-72.30227900024077,42.420315999841726],[-72.30561000002668,42.42035699979557],[-72.30668100025451,42.41920099984485],[-72.30648100023795,42.41646799976995],[-72.3086160001226,42.41469099981348],[-72.30930200038596,42.410857000025715],[-72.31027300015633,42.410674000206036],[-72.31035699982192,42.407928999862506],[-72.31357200015516,42.40663999975465],[-72.31256899969942,42.40350299983026],[-72.31403999996031,42.399183000003724],[-72.3150879997236,42.39885600004002],[-72.3136309997064,42.39640400026898],[-72.31581900019279,42.39453999981492],[-72.31339100040522,42.39275899972545],[-72.31450799976545,42.391655000191136],[-72.3126580002862,42.39093199975387],[-72.31257200007248,42.388670000196285],[-72.31004300000254,42.38739000023158],[-72.31164599960961,42.386608999969276],[-72.31085200028954,42.38586600012932],[-72.31292400042497,42.38268700010171],[-72.31434999958172,42.38165600015356],[-72.3131169998705,42.378751000324016],[-72.31364099975214,42.37758400020717],[-72.31206599973417,42.37643099992193],[-72.3131589997033,42.37358700020814],[-72.31208699965057,42.37376500013349],[-72.31143100042277,42.372205999738846],[-72.31456700021502,42.37140500011099],[-72.31565500016127,42.36947900023197],[-72.31310799964969,42.36855699967597],[-72.3105049999599,42.36429400019083],[-72.31296500043287,42.36211399978518],[-72.31154600005051,42.358849999828365],[-72.3137989999359,42.35779099995344],[-72.31312100006846,42.355697000024634],[-72.31365300034604,42.354335999672216],[-72.31221899989505,42.35252399969214],[-72.31261100043054,42.35079600009926],[-72.31427699978678,42.348337999684404],[-72.31425300039567,42.34368799982304]]]}}]}